"GENE_SYMBOL","logFC","adj.P.Val"
"PNMT",-1.58267047201502,7.27782760068799e-21
"SERPINF1",1.14685590730512,5.25010094317672e-28
"MATN3",-1.93760141775323,1.46801979415397e-25
"WNT10A",1.34274711609633,5.36798011854615e-26
"CTSE",1.53160433297272,1.59038422604064e-24
"RSPH1",1.11363288731994,5.62846709157315e-05
"MAFF",-1.44732829243295,9.929837537748e-25
"HMGCS2",-1.71441704150771,5.0726195496252e-13
"S100A3",-1.03167634231054,6.25895925031209e-14
"ZBTB16",-1.05312777999203,3.39959650596655e-10
"FOS",-1.86456195980185,1.81784750765824e-16
"EMP2",-1.17610785173375,2.0777388552248e-24
"CHST6",1.30280175368672,3.79243359654372e-11
"MEOX1",1.68726755110174,8.42635033851642e-18
"TMEM190",1.36464607982691,2.03773280477528e-05
"FUT1",-1.08444507202642,4.46371676236954e-24
"SULT2B1",-1.03306846780163,8.38048379619225e-23
"PPAP2C",1.08230745316859,1.71454346172936e-11
"SALL4",1.45957433240334,7.16347592400391e-30
"PCP4",1.14534036895747,1.68123371053059e-15
"CTNND2",-1.88961945567385,1.95626545508824e-34
"DUSP1",-1.73557273814268,5.7295895684472e-26
"RUNDC3B",1.37117065421624,1.86410448989243e-12
"RAMP3",-1.05943320047827,4.48306520525433e-18
"CTHRC1",1.70086321243523,7.89082200572757e-26
"COL15A1",1.46418259978363,5.15171384803523e-30
"APLN",-1.43559127711666,1.74889565666878e-11
"CD19",1.43668664806696,3.00822331543601e-12
"ZNF385D",1.37636135056653,1.3108920653842e-16
"ANGPTL7",-1.72612849740932,1.19213915575137e-20
"CRABP2",1.498115663611,1.07663151317285e-25
"FCN3",-1.74424280589876,3.6812589290205e-16
"CEP55",1.11578775835563,4.27730617823745e-22
"WT1",1.04861850481125,4.62988130521858e-06
"HABP2",1.20767616010932,3.96739620362013e-12
"KIAA0101",1.02167098445596,4.29244139791154e-24
"FOXF1",-1.01132321926778,4.23519719891831e-18
"TOP2A",1.11898245743893,1.27675208140931e-20
"KLF2",-1.14703215851506,7.93056009557674e-31
"IGLL1",1.69497651312418,4.2169805721508e-19
"CSRNP1",-2.15525352730171,5.1817112204536e-31
"GPR87",2.74213744235039,1.76336479362906e-20
"GPM6A",-1.52039449980071,1.82474056003088e-30
"CXCL13",2.57153855263906,1.20994994935726e-15
"ANXA3",-1.06952317941126,1.75185626583212e-21
"CCL19",1.1449815635142,1.48103027110107e-10
"HTR3C",-2.27099431759949,2.24494826915502e-17
"DLG2",1.05177694015828,6.77358973111859e-17
"BBOX1",1.0112097420714,2.06144566487844e-07
"BDNF",-1.53266137903547,1.79021699983181e-20
"MYZAP",-1.54155823606445,6.9691328692763e-23
"CCDC135",1.04263720321129,0.000174750999121958
"EPN3",1.21682981267437,1.04668412520004e-09
"TTR",1.88466326367932,3.3109602434638e-11
"MMP10",2.11976968627227,2.91190594825577e-11
"KIAA1683",-1.00801601662586,3.55333274923307e-23
"CASP12",-1.19099439731253,7.38866955507839e-21
"NR4A2",-1.72197801628423,1.63621676573586e-18
"SPAG4",1.22992999487559,4.76046780130161e-17
"SIK1",-1.38805397711097,1.33476524435275e-20
"SERPINI2",1.14305142060012,4.95696888770353e-12
"MND1",1.16483875192165,2.0777388552248e-24
"FAM105A",-1.32824823777259,8.35031219053819e-26
"GPX3",-1.06653769287707,5.37772697022032e-29
"CAPSL",1.17773849570119,0.000142102893054478
"HUS1B",-1.22355764960428,3.30288915510856e-19
"BAALC",-1.17054728121619,5.52793977474433e-27
"CHRDL2",2.39740933211865,1.78642511200088e-23
"PTPRT",1.18132465979616,1.2281488192106e-06
"TMSB15A",-1.49002139725559,1.2910173530185e-20
"LEFTY2",-1.34010370096224,7.95467607195832e-21
"IGF1",1.54686984569834,1.22450589793007e-21
"MS4A8B",1.20308531572055,0.000175989762290715
"DAO",-1.79400440129818,1.8295371028083e-25
"SLC2A3",-1.10513178272504,6.52915935475455e-18
"CTSG",1.09950194158173,2.2112803833922e-08
"SLC27A2",1.0889322837784,2.84759683827272e-09
"NDRG4",-1.53257211751978,2.5525364110242e-27
"HIF3A",-1.49926293343961,1.19187030827797e-25
"C3orf32",1.0108288447304,7.28551014467772e-12
"COL7A1",1.29750909297956,2.65619660746197e-23
"ASB5",1.23785548596481,1.50268299933251e-10
"ESM1",-1.63327062005352,2.61887470588719e-13
"ADRB2",-1.06098938677902,7.41531398771938e-40
"MLIP",1.41112541137619,1.50299707315928e-18
"CHRM2",-1.12051803222684,1.0060519934712e-18
"PPP1R17",-1.16003747081933,1.42495487268948e-11
"SOSTDC1",-1.60246856459602,5.34779874078521e-13
"EFCAB1",1.12339951602801,3.5772243423387e-05
"IGDCC4",1.49243972555941,2.49672062643454e-27
"PCBP3",1.09011543016569,6.07977497271292e-21
"PRF1",-1.03916689062233,2.22921901652073e-14
"RIMS2",1.28895610089392,5.94838624080351e-12
"FMO1",1.18591597676934,1.73114679846041e-24
"MMP12",1.11308124466207,5.71961919905548e-05
"SLN",2.19422844047144,9.42019878921819e-16
"MUCL1",1.02852031543586,8.26144795797609e-07
"CILP",1.7252937880772,9.21980209689876e-21
"CMTM2",-1.0792349086147,3.28583729075343e-14
"DPEP1",1.14887735011102,4.31049355244749e-10
"SLC6A4",-3.35336150999258,4.80747002295563e-22
"CLEC4G",1.06602316232989,1.24467701768531e-10
"IGFL2",3.4368601662586,3.42872960848782e-32
"PROM2",1.33175383476627,5.242873234252e-22
"TMEM100",-1.72072633946364,2.26308842322528e-19
"SLC4A11",1.14704100666173,5.87330045023976e-14
"BPIFB1",2.73184743494846,4.97669309064896e-09
"CXCL6",1.49716008085179,2.24991972005069e-07
"CFB",1.05553474349484,1.36249754347761e-21
"TNC",1.10948477481068,5.64005512314925e-24
"BTNL3",-2.07574228207025,2.2611963839265e-07
"BFSP2",1.48127898992199,2.02379300603335e-17
"SPRR1B",1.23584491260035,1.07531300280588e-10
"BEX1",-1.29084632465979,5.39117553350315e-23
"SLC2A5",1.11197717360359,6.21728819511522e-12
"TSPAN1",1.16149573535273,3.84329160591422e-08
"FCRL2",1.09259381654614,8.00609078493537e-12
"ANKRD1",-2.17278505950008,3.18082952284275e-20
"OGDHL",1.57019628195638,3.5789333163296e-13
"MMP3",1.48619419802994,5.57375325420517e-14
"NLRP7",1.0657780789159,2.62705755038688e-10
"CCDC48",-1.13335127825542,2.4295525207747e-23
"LINC00312",-1.1986289870751,1.46801979415397e-25
"TNNC1",-1.20820581335762,3.14487773818215e-22
"HHIP",-1.22349556453909,5.69328598271239e-15
"SCRG1",1.87197861982576,4.50946082776723e-17
"IGJ",1.42623420258498,4.25197747748404e-17
"CD38",1.37162908956328,2.4295525207747e-23
"MMP1",3.84379597449182,1.56338392804639e-23
"SH3GL2",-1.22476583727153,9.84280055405308e-15
"LCN2",1.58202978420542,4.00636898508707e-12
"ADCY8",-1.08498710357,1.56301434233349e-17
"KCNH8",1.43668503672493,5.38853096877414e-21
"DPP6",-1.85605906735751,2.01652156493671e-24
"TSGA10",1.0333879177817,2.01945131851053e-08
"NXF3",-1.4236327563628,1.27189957490267e-20
"GBA3",-1.68216820019358,9.05530085835572e-26
"REEP2",1.08797310823891,1.89070193112619e-22
"CTGF",-1.02877910949154,8.25215081372665e-19
"FCRL5",2.04333686727779,2.0096224937171e-19
"RET",1.0138746854182,7.36285867834135e-21
"MMP19",-1.28259771109719,1.4508136195231e-14
"ACCN2",1.00047372886181,3.31744560682146e-22
"GJB2",1.99690779479587,7.152631522768e-23
"STXBP6",-1.60941271992256,7.45389590015359e-26
"SOCS3",-1.50960062062289,1.15414188492698e-14
"ALDH3A1",1.1480223025679,6.2028734218813e-07
"TNS4",1.56517265273586,4.88377861909907e-11
"FCAR",-1.06540246541023,4.39646236480793e-10
"UHRF1",1.01515321983715,7.65373639315119e-27
"NMUR1",-1.17869387348403,1.30999316381787e-21
"GNLY",-1.08401017479929,2.51991408761984e-11
"FBN2",1.16749404999146,2.98057065216296e-15
"SPINK1",1.65948953481751,1.3336221708819e-11
"EGR1",-1.17571930763537,1.36446298974737e-15
"COL10A1",1.40137725901041,1.3984319689293e-18
"IRF4",1.09564525422763,3.45983183091343e-12
"EDN1",-1.255725496783,2.3585237549882e-24
"KIAA0408",-1.07899873597904,2.23183125755417e-24
"RAPGEF5",-1.14367912087912,2.9361681753826e-26
"COL14A1",1.40157603484598,9.59399272702086e-22
"ASPN",1.1082272675511,7.75171584905952e-19
"SLC1A1",-1.12223418550361,2.75163156802026e-22
"C9orf24",1.01439972100438,0.000454179964754113
"SLITRK2",-1.01199012697147,1.7184211170454e-09
"AFF2",-1.05016024027785,5.44865585186537e-13
"RGS16",-1.26443273928144,8.35031219053819e-26
"KRT5",2.91236362808175,7.23649817955933e-14
"EMR3",-1.17239151056197,2.29367115808649e-14
"WFDC2",1.12605370950293,1.98180120782842e-15
"BNC1",1.3377829983488,3.12610668470314e-09
"TSPAN19",1.53463029664636,9.85059996869265e-06
"HSD17B6",-1.08852005921539,6.10305979789537e-16
"IL13",-1.23846104310197,1.67171245630297e-08
"NELL1",1.88916545009394,6.6101916473844e-16
"FKBP11",1.06841792973865,1.15445486204596e-21
"CDCA7",1.10752828673916,3.226961862135e-17
"PNOC",1.710061122815,5.17355877133469e-20
"GAP43",1.00522477367192,1.0257460731169e-11
"NPR3",-1.04025891931902,1.18559071666841e-17
"SMPX",1.28440250526675,8.3477931657017e-13
"CAMP",-1.22555274155896,4.13263983671289e-11
"LRRC17",1.10695953994192,9.50119493275085e-22
"NIM1",-1.18350717417297,2.23400770953844e-21
"KIF20A",1.19148472926037,2.97281563202707e-22
"CD180",1.02370618345385,1.50524333696456e-12
"WNT7A",-1.33588275351591,2.18533084322261e-29
"RPS4Y1",1.81657083072368,0.00949239035604978
"TTK",1.20708326595684,5.49789599500409e-21
"PSAT1",1.53003592210898,1.28543741940307e-26
"CD177",1.19435504754313,1.51899674988909e-12
"FRMD5",1.8817567784547,4.84941334895116e-25
"KRT15",1.91433343392359,6.19726608970814e-13
"SRD5A2",1.47353468086318,4.24330893568583e-07
"CYP24A1",1.77248427375732,1.38791525313242e-11
"ADH4",1.04372083926436,1.26112354154161e-11
"ASTN1",1.16149933952058,5.46265127097197e-10
"LOC375295",1.08192251893184,2.34059055603454e-12
"GRIA1",-1.68673651995672,1.46801979415397e-25
"DST",1.13270536354837,5.59597401981915e-11
"ANKRD43",1.14553013722029,1.38494529434325e-07
"NR4A3",-1.7782983260263,3.94136964813576e-14
"SOX7",-1.1613065877128,2.3245162248295e-22
"ACAN",1.09473967431532,3.09477395948041e-10
"ABCC13",-1.01728451859021,4.17896357918557e-12
"MAP3K15",-1.51989586630985,9.46375739076436e-29
"CCDC164",1.14801117121221,0.000159390012883493
"PRSS2",1.3323882992655,1.30510551631149e-11
"POU2AF1",1.89683986790411,1.27961896148612e-19
"C4orf22",1.14921832261003,2.81987128383554e-05
"AKAP14",1.16972112395376,0.000171333035921959
"LRRN3",-1.06143288162614,3.88030710253656e-17
"STEAP1",1.60988416557535,6.84162188663561e-31
"STC1",-1.21842576439104,2.14568103029373e-21
"SLC10A4",-1.18782651027728,4.6846217632225e-13
"C20orf85",1.27691524796447,6.07682495701772e-05
"CXCL2",-1.91890922963047,3.81982734840919e-22
"DEFA3",-1.25644205431873,7.08078484965351e-06
"SPAG17",1.26001301599954,8.29680275553029e-06
"FAM55D",1.2572104082446,3.16386314387454e-13
"SLC28A3",1.18534275465467,5.99017590529088e-13
"PMCH",1.30679805841826,3.16182057841064e-15
"DHRS2",-1.22690697489039,4.48407305781457e-23
"PLA2G2A",2.55077983260263,8.48646524707956e-21
"KLF4",-1.69022103854694,5.731757710727e-31
"FAM83D",1.12388567442919,1.58528634757255e-11
"RPS4Y2",1.74115378352217,0.0126408972979749
"HS6ST3",1.73087252177874,3.14497387381452e-17
"CPNE4",1.74230817627967,5.46566707342629e-19
"ST6GALNAC5",-1.13093350794283,1.10791849824045e-25
"COL5A2",1.0765147070546,3.83203836583056e-23
"C8orf47",1.21362435802539,3.74536394038159e-08
"WDR96",1.30961320958834,2.10856610983431e-06
"FAM167A",-1.93852822410749,6.89267167361893e-37
"WT1-AS",1.19676911119968,2.3779743581816e-06
"ROBO4",-1.00718978534419,3.29132997304114e-23
"SYCP2L",-1.24318602175027,1.04697297943643e-16
"SPRR1A",2.76089855377782,4.06827631176562e-23
"ATF3",-1.90258042475658,8.08945592317031e-24
"CHP2",1.16918921027159,0.00109614112823257
"CCDC85A",-1.38051009508626,5.23089160865297e-26
"ANKFN1",1.09243965723396,1.5059779762549e-08
"SH2D1B",-1.38357169617946,9.37574731154955e-15
"HS3ST5",-1.0679222513238,6.2027202261403e-11
"ADAM23",1.13788413141263,2.82480228060904e-17
"LRRN4",-1.01441054489551,8.07092340083328e-18
"GJB5",1.46698570289813,2.66276455704636e-09
"IVL",1.02770509594033,1.1364219462819e-08
"FAM71A",-2.16776339463644,5.1248076107004e-18
"CD160",-1.1826553948642,3.06149983553095e-12
"RS1",-1.40676087228833,2.97307834641793e-19
"NMNAT2",1.07022278653988,2.02994994713758e-16
"SYNPO2L",-1.39501818026533,7.89189104864344e-15
"ANLN",1.51995637419575,6.11399907463654e-28
"STOML3",1.07765708022547,0.00014173948629027
"E2F8",1.4962578318055,6.22507721604253e-26
"CYP3A7",-1.27877729317314,2.28394139670552e-20
"NCKAP5",-1.62821206513693,1.67986928281456e-24
"FAM81B",1.15072202926607,9.56457568378788e-07
"CPNE5",1.13240554005579,1.29680450193546e-17
"DEPDC1B",1.005354728691,3.27481912957224e-16
"SYT8",1.32116391277116,2.38679169237424e-10
"C4orf7",2.18738326595684,7.4500544123181e-11
"RSPH10B",1.0007190058646,0.000271101256636126
"HSPA4L",1.02517786255195,2.69263501888409e-14
"ABCA13",1.14683005750726,1.76309889017468e-05
"LRRC19",-1.50916781301599,1.97206256357595e-22
"ARC",-2.34689214257245,3.2841072218291e-28
"KRT6C",2.22193968000911,1.88725309952421e-12
"HHLA2",1.47606712406764,4.32296905618587e-14
"DCLK1",1.37998180834709,3.10940117179201e-30
"AFF3",-1.29266720378067,2.90447808753563e-21
"TEK",-1.0178439332688,4.13740241137248e-25
"GAL",1.07251525935204,1.62878001360634e-10
"FGA",-1.02246702727324,4.08822721119474e-05
"EXD1",-1.47826586574047,3.14601699601528e-22
"TNFRSF17",1.90608852701702,1.04075619930702e-20
"MRAP",1.0616110288675,1.82610130552219e-09
"MYH2",-1.73951831122245,6.96570957630287e-13
"SNX31",1.13570776063315,1.13733407865232e-08
"P2RY1",-1.03908664237317,2.03595307488746e-15
"CD300LG",-1.09945028184251,5.85313142658519e-10
"GDA",1.30218314638729,1.09235086729331e-08
"HYDIN",1.1232333314354,0.000204121443463914
"CCDC11",1.09055723395775,8.25688480129997e-06
"CLIC6",1.1249340488527,2.2699020915525e-17
"EPHA10",1.70441318111939,3.07300436740919e-24
"KRT16",1.03210770369527,9.65056118113676e-07
"WNT3A",-1.66412039514889,5.48994603984164e-26
"DIRAS1",1.18707064852246,7.92891809312361e-24
"CDH2",1.57081840232306,1.94848965748366e-22
"EBF3",1.61394576666856,1.1040115119619e-12
"ZFP36",-1.63051619313328,1.72124062570157e-21
"CLCA2",1.45098289586061,5.73764352299131e-08
"JSRP1",1.78390193019415,5.4349945337508e-21
"SOX2",1.50807457154244,2.52907351705617e-07
"CHRM3",-1.15300872857712,2.97307834641793e-19
"DOK5",1.07502776860445,1.37426127345116e-21
"CD1A",1.37027975288959,7.30261834610748e-15
"PPFIA2",1.01756786426009,2.46852526388486e-16
"WDR16",1.1360737345556,0.000254751313109158
"FNDC1",1.6536038660821,2.01218900875455e-26
"CA4",-2.47528780390593,2.73178175758237e-23
"SMR3A",1.43533384387633,1.65683544011446e-11
"SHISA3",-1.17141128508796,6.70703702379192e-15
"ADAMTS16",2.03378575414223,8.99208927153524e-18
"STC2",-1.24611025451232,1.32892767291425e-17
"SLC27A6",-1.01419751181461,3.9261687249656e-10
"DLL4",-1.11394741217332,1.52323296431067e-23
"LYPD1",1.29613429937937,3.4271479395723e-22
"C6orf165",1.01499143654273,4.57725236157943e-05
"SYT12",1.46019732961339,5.23219765432625e-15
"SGCG",-1.48886394693389,1.25413197820587e-17
"PCDH12",-1.25095003131583,4.18991406427516e-22
"RHOV",1.54735503615555,5.81653788349607e-09
"CCK",-2.2794872003644,9.35321876497495e-30
"CCDC37",1.10858404600581,0.000280934525642968
"PAX9",1.17231990548312,2.13931880921015e-07
"CLDN8",1.06485667596652,2.79954845477848e-05
"STEAP2",1.10406689062233,2.17003021015958e-21
"FOSB",-3.31842094744632,2.45280284841775e-23
"CRTAC1",-1.54986667425838,5.90823121695814e-26
"GREM1",2.13191715538347,1.09398285728448e-15
"RXFP1",-1.46207293742527,1.60312392197772e-19
"PLLP",-1.38521620452086,2.73031892116571e-28
"CASKIN2",-1.09668418265672,2.51605619743237e-26
"FIGF",-1.74703895120423,2.25145441548442e-28
"FCRLA",1.74610428742242,1.05210504019041e-13
"CYR61",-1.14344772533166,1.35636796208636e-17
"ERRFI1",-1.13310043272789,4.34782835642403e-24
"PTPRR",-1.06852544553891,6.18404922661476e-12
"CD27",1.39231101178614,1.38119375741396e-22
"CCNA1",1.24739311051642,1.76117731686773e-07
"DIO2",2.14469402152251,3.04782074660606e-32
"SH3GL3",-1.1756551101748,2.06872703673683e-19
"CDH3",2.26189071912543,1.91640453982925e-39
"MYH1",-1.02398415418778,2.11473945341744e-06
"KLK12",1.6900978021978,1.38429116789076e-08
"TYMS",1.00627078517337,4.36538962629163e-25
"COL17A1",3.43808578261116,9.65322632413288e-32
"KCNJ16",1.19841449069065,1.29440708784131e-07
"CSF3",-3.53328759892955,6.32859015792473e-22
"SERPINB4",1.75754326140181,3.12016883103132e-05
"NOS2",-1.37671619882708,5.22528593620434e-15
"KL",-1.06323212435233,2.83750874052139e-25
"IL1RL1",-2.45059713602459,8.85385007136607e-20
"AMPD1",1.53007851733758,2.22068848609694e-14
"VTCN1",1.71809624209986,9.06952205338997e-09
"ASPM",1.08412677788532,4.94617486096041e-19
"MUC16",1.60772063998178,1.93182143580135e-07
"MMP7",2.58130784034617,7.78089945814177e-25
"VWCE",1.20821552696008,1.06084484475964e-21
"ZNF215",1.08848862381142,6.91411396031888e-17
"HBG1",-1.00383822239936,0.000206236924871007
"ARNTL2",1.1649294653533,1.04888937761972e-24
"RND1",-1.62145513294995,1.24092987843421e-13
"PTPRB",-1.08807474235609,4.03540690512442e-25
"ESR2",1.25208478619825,2.66443139675024e-14
"DNAAF1",1.04478320332517,0.000563603104962939
"ST6GALNAC1",1.23309904913739,8.38664709754272e-14
"CCL18",1.13345689233047,6.20810142911548e-14
"SLC14A1",-1.59971440528383,4.99458622633502e-16
"SERPINB3",1.78149719296247,3.96004827299935e-05
"DQX1",1.11618682457439,1.39585408916438e-10
"MMP11",1.95777644479872,4.16180828585951e-23
"CLDN1",1.05208121619313,9.48963549339978e-13
"ANXA10",1.01630871149575,5.64749143329859e-06
"SLCO4A1",-1.11281930763537,3.72009147939463e-10
"UGT1A6",2.30581128508796,9.85052325982551e-15
"CPXM1",1.63930165689233,1.70425725950134e-21
"ZBBX",1.42240480555714,1.17244479719689e-05
"SCG5",2.30620313158344,3.97413645540457e-39
"AGTR2",-1.66209239879291,3.26171659198228e-09
"UTS2",1.06922191539031,1.26243953635969e-07
"OIT3",1.07594005010533,4.89401584104462e-11
"KLF6",-1.05974810681546,2.49683307271419e-36
"KCNMB4",-1.19169985765529,1.96223525931478e-27
"MT1M",-1.01166672550247,4.27807194609302e-12
"CCL11",1.3986248306098,3.22644859186183e-16
"RGS9",-1.25653630928657,3.00812099782928e-22
"KCNN4",1.21243321186585,3.08596178462617e-26
"CXCR1",-1.05615513864373,1.71906273674475e-11
"SEMA3G",-1.35892949382223,2.78071966023721e-16
"NMU",1.40889214257245,8.2963733770948e-13
"HMMR",1.08782219438592,2.6165031675913e-22
"VEGFA",-1.30970567101292,6.67671639961596e-27
"C6orf103",1.17949258099413,3.65224660762531e-05
"IL6",-2.03864888686442,8.45363472186305e-15
"PSCA",1.03256436827421,0.00234316322145825
"IL1A",-1.27848049877583,1.62774306828619e-13
"SDPR",-1.15459071912543,5.51769321812385e-27
"GPIHBP1",-1.48806498320332,1.4365495662601e-22
"SPP1",2.62924148493992,6.97091995535674e-16
"NCRNA00185",1.09808530433297,0.0277890985588924
"S100A12",-1.03956459602573,3.42479286797224e-09
"BTNL8",-1.18410399134544,5.15850395987816e-07
"TIMD4",1.02875043557478,2.67254883253361e-06
"DYDC2",1.24073654273188,6.39186292737949e-05
"C11orf9",-1.71806202812731,4.55937710321398e-31
"KRT6B",1.15378402892444,3.49273543230717e-06
"ASPG",-1.5581036724933,9.11114146050165e-16
"SIX1",1.47141533337129,4.40311825769839e-10
"TUBB3",2.45574447987245,7.65837014413902e-33
"CRYM",1.06844968968855,5.44945408024888e-22
"TMEM88",-1.02675352730171,3.59024106252105e-29
"CCL7",2.15593420258497,1.7476726252324e-15
"B3GNT3",1.62587975288959,8.68522062737859e-14
"MGC16025",1.67438553777828,6.79693855563296e-17
"PCSK2",1.31932771166657,3.65959962029221e-10
"FER1L4",1.5347314695667,2.0783138788425e-18
"LOC400891",1.303192262142,3.75354407939086e-05
"SYN3",-1.02285521835677,1.90589917970055e-19
"RBP2",-1.49270497067699,5.60788748322145e-17
"TDO2",2.26834002733018,4.46413467759199e-33
"SFRP2",2.07427448613562,3.26584908886758e-21
"BTNL9",-2.18543193076353,1.61743299026201e-26
"FAT2",1.31868037920628,9.68818377431842e-12
"PDE6A",-1.3505324261231,9.69194165439595e-26
"NPTX2",1.01165024767978,1.4464611188545e-08
"LAMC3",-1.16090674713886,1.15390159620015e-16
"MZB1",1.93721771906849,5.14050244484802e-21
"FAM107A",-1.76739149917439,2.65140558322989e-33
"IL13RA2",2.95450281842509,7.41531398771938e-40
"IGSF9",1.18595097079086,1.70178424628493e-18
"ARMC3",1.25231428571429,9.16886772846881e-05
"ADARB2",-1.03946545009394,4.93364353865169e-17
"PIP",1.73933453851847,1.54127247212434e-06
"SAA4",1.32214893810852,7.52584224430805e-07
"ATP12A",1.45340173091157,2.1144014077259e-07
"CYP3A5",-1.34971893184535,2.09995112072459e-21
"DLGAP5",1.20186953253999,4.94747350780938e-21
"PER1",-1.18687461139896,2.78694341383142e-18
"STAR",1.03726077549393,1.12865536476211e-08
"CYP2F1",1.057953197062,0.00213189612203722
"PPP1R15A",-1.13708534418948,3.04782074660606e-32
"SNTN",1.15843236349143,0.000145821040511299
"TTC29",1.08605588452998,0.000192664201452593
"CCNO",1.42908164322724,6.04030470889299e-07
"C6",1.26562336161248,2.21424615632385e-08
"GSTA5",1.35176523373,5.4870791249531e-07
"LGSN",1.61521452485338,1.07975526949396e-11
"AGER",-1.94553999886124,2.49602438957758e-24
"AKR1B10",1.22547474235609,6.84810324190112e-06
"MELK",1.01725538917041,5.26458870564906e-21
"FBP2",-1.35790208962022,8.91356936954091e-17
"DBC1",-1.79627445766668,3.09648641185664e-19
"KRT17",2.02932690314866,2.5301145305998e-12
"ERCC6L",1.20799926550133,3.37132045294905e-19
"TXLNG2P",1.08790780048966,0.00482935486377718
"TNFSF11",1.23726314410977,3.23699396099751e-18
"C13orf15",-1.26877880772077,4.70804715581934e-31
"DAPK2",-1.0863257871662,8.2836217623432e-23
"MUC5B",1.62743516483516,1.76037136560199e-08
"HS6ST2",2.41835726812047,4.06556945378327e-31
"VIPR1",-2.1194818026533,7.9582330012253e-23
"UPK3B",-1.01989055969937,2.28843749459901e-12
"ENKUR",1.01205140921255,0.000369568935498254
"RAMP2",-1.01288807720776,1.07672319790188e-20
"DNAH5",1.02507721346011,7.36090904399005e-07
"SEMA3E",-1.71340425325969,2.22721710218116e-21
"CCL13",1.37829984626772,1.04211836520754e-18
"DNAH17",-1.20645422763764,4.46371676236954e-24
"RTKN2",-2.01412758070944,2.71288374369829e-18
"MGAT5B",-1.05968455275294,2.12473956935823e-14
"HBEGF",-1.68922008199054,5.80622776740573e-30
"MSMB",1.94708582816147,6.37114936801548e-05
"SERPINE1",-1.56522732448898,1.73844205931189e-12
"PCSK1",2.10246716392415,9.26289904638744e-17
"CXCL3",-1.1444695780903,1.73844205931189e-12
"COCH",1.20501785002562,1.04139709095896e-20
"ZSCAN4",1.01091310140636,1.03668244133853e-12
"MUC4",1.4871709161305,3.36432352708711e-09
"SEMA6A",-1.15862076524511,3.67667316572502e-22
"SPAG6",1.36038394351762,8.07985744913377e-06
"OLFML2A",-1.19336330353584,1.9567643846838e-29
"PLA2G1B",-1.04689271764505,2.47254712920171e-08
"FGFBP2",-1.53377523771565,5.35953616601968e-16
"KRT13",1.48067449182941,4.26769076183367e-12
"TUBB1",-1.0316457495872,2.07310483051166e-08
"C9orf117",1.11755907874509,0.000205828153797898
"LGALS7",1.56734525422763,8.63375095625148e-11
"C18orf56",1.24685671582303,7.18470990542426e-23
"GADD45B",-1.31632124352331,2.48819776377086e-25
"JUNB",-1.2738562546262,1.69602666047773e-17
"SLC5A9",-2.33793717474235,1.22822503020985e-24
"SSTR1",-1.50135220064909,5.06930127968847e-19
"FAM154B",1.11232533735694,3.75708493916788e-05
"PTGS2",-1.03842362922052,3.40579126729891e-14
"CXCR5",1.13988250298924,1.31789365448219e-09
"C9orf135",1.11716563798895,1.56765982371691e-05
"MME",-1.36409615099926,2.95720785064228e-21
"THBS4",1.31218802596367,2.71583967185301e-23
"COMP",2.64302514376814,2.96539284245467e-34
"SPRY4",-1.09047637077948,7.66056257893725e-24
"ADAMTS14",2.0372562546262,2.68821223723289e-33
"C10orf81",1.57606223879747,1.33477054308282e-06
"P4HA3",1.7053903034789,1.2971553822818e-23
"KCTD16",-1.02892987530604,4.41810563431722e-14
"TUBB2B",1.28572861128508,7.52670938320179e-17
"SERPINA5",1.24568014576097,4.7832840973393e-13
"ESCO2",1.1997097876217,4.56637369673605e-23
"KLK13",1.05299284290839,2.90319386615443e-07
"FGF12",-1.12786222171611,5.58356250566054e-16
"SAA1",1.39649148209303,1.10750805494645e-06
"DSC3",1.91228407447474,5.66970275939315e-15
"GPR158",-1.53048872060582,1.63817866416998e-14
"SLAMF7",1.10438750213517,2.73334392868234e-16
"SLC25A25",-1.04294261800375,1.06084484475964e-21
"HTR2A",1.35048672777999,1.99804750806311e-19
"SERTM1",-2.64703300688948,7.74625752442093e-28
"DUSP2",-1.07252071969481,6.15783163860743e-16
"PDK1",1.05586644650686,2.41308991475679e-21
"PIM2",1.10622891305585,2.44310524630627e-17
"GRIN2A",1.02325524113192,2.13787298775918e-10
"OSTalpha",1.02871031714399,8.5902934785753e-07
"LRRC32",-1.01164151340887,1.36361548719898e-20
"PRX",-1.4045432158515,3.29132997304114e-23
"CENPM",1.11641365370381,2.75776017478114e-19
"MORN5",1.2127129419803,0.000136447114767422
"FLJ34503",-1.48111723509651,5.58107268089824e-17
"CENPA",1.08711708136423,3.8150056350549e-18
"C1orf173",1.11044147924614,0.000246684037249671
"ITLN2",-3.03766459033194,7.66056257893725e-24
"GLT25D2",-1.07596485793998,1.80311078840327e-25
"KLHDC8A",1.05695789443717,3.94092875102582e-14
"YSK4",1.10134938222399,0.000234641027319943
"TMEM229A",2.44922677788532,3.97162345795306e-28
"CNTN3",1.44831398394351,3.0447986877281e-25
"HPGD",-1.24902637932016,3.4228277609866e-14
"PF4",-1.02593727723054,3.73866823786807e-09
"ANKRD30BP2",1.31303301258327,3.60025684272532e-11
"COL3A1",1.86478176279678,3.26936443140472e-31
"FAM150A",1.28517176450492,2.10505387973381e-15
"EFNB3",1.22534237317087,2.26755362994047e-18
"ECT2L",1.24483380401981,2.97607402270134e-06
"FUT2",1.48764006149291,3.95578144364872e-12
"MYCN",1.15090265899903,1.21658737305993e-12
"NECAB1",-1.20278842452883,3.2041602395671e-13
"ACVRL1",-1.02998010590445,1.83911685187655e-19
"KIAA0125",2.08268053293856,2.15238458668271e-21
"PROK2",-1.00770372943119,4.42874243116729e-07
"CHST9",1.23777651312418,3.20950713498242e-05
"FAM43B",1.42329710186186,9.30870287687901e-23
"FLJ23152",1.28127314240164,2.46516018423488e-05
"FAM189A1",-1.33539902066845,9.24488866376606e-24
"DNAH12",1.23457281785572,4.9415109758613e-06
"LPPR4",1.25536658885156,9.23338929579679e-30
"LINC00162",-1.34478261117121,9.19956131855567e-31
"ECEL1",1.09151749131697,1.35015622564217e-09
"KLRF1",-1.10093294425781,6.53178284597822e-13
"VSIG1",2.2009432614018,2.38314339165563e-18
"AGBL2",1.11255401696749,1.34608196111979e-06
"CT45A5",-1.60742209759152,8.62818812513433e-12
"ISM1",1.18128938108523,3.56693187980518e-22
"SIX4",1.5421217730456,2.59075070608963e-15
"DNAH2",1.04694795877697,5.91687999850722e-06
"CXorf41",1.19517971872687,0.000116625121183566
"C11orf88",1.09653231794113,0.000382760704436186
"RGS9BP",-1.5607467516939,6.95064214044252e-21
"C13orf30",1.05311777600637,1.44522133880528e-05
"C10orf67",-1.01305011672265,6.66580987846296e-13
"C7orf57",1.07008168877754,1.5220520379288e-05
"CCDC39",1.13807555656778,2.45830536537325e-07
"F5",1.09658568012298,4.30782271009126e-14
"KRT72",-1.3711606957809,1.08790814078801e-11
"KANK4",-1.07270435005409,4.11577114672828e-14
"FAM92B",1.29763684450264,4.50795146988374e-06
"F2RL2",1.22965161418892,2.35627674786531e-13
"LOC643037",1.17133043899106,0.000274493598575504
"PBK",1.0872200535216,1.07213516855658e-16
"PTPRN2",1.28110987872231,1.76309902927676e-17
"GLB1L3",1.38179145931788,1.77706450466083e-12
"CT45A1",-2.013626356545,2.16942792686805e-13
"GRM8",-2.24281121106872,7.56673502048306e-23
"HEY1",-1.04020675283266,2.69059236764866e-18
"C6orf118",1.31441815179639,1.59313932469308e-05
"LINC00473",1.05615883960599,0.000147230234747758
"CDH13",-1.22321037408187,1.19086652762783e-27
"APOBEC3A",-1.05314761714969,3.9283186737518e-08
