"ID","Description","GeneRatio","BgRatio","RichFactor","FoldEnrichment","zScore","pvalue","p.adjust","qvalue","geneID","Count"
"GO:0031640","killing of cells of another organism","20/472","135/18860",0.148148148148148,5.91964846202134,9.19079594716884,1.65475759796918e-10,3.04523880979803e-07,2.42902343769441e-07,"FCN3/CXCL13/CCL19/DAO/CTSG/PRF1/CXCL6/CFB/GNLY/CAMP/CXCL2/DEFA3/PLA2G2A/CCL18/CCL11/S100A12/C6/CCL13/CXCL3/PF4",20
"GO:0141061","disruption of cell in another organism","20/472","135/18860",0.148148148148148,5.91964846202134,9.19079594716884,1.65475759796918e-10,3.04523880979803e-07,2.42902343769441e-07,"FCN3/CXCL13/CCL19/DAO/CTSG/PRF1/CXCL6/CFB/GNLY/CAMP/CXCL2/DEFA3/PLA2G2A/CCL18/CCL11/S100A12/C6/CCL13/CXCL3/PF4",20
"GO:0141060","disruption of anatomical structure in another organism","20/472","139/18860",0.143884892086331,5.74929886599195,9.0039994633128,2.8294905026009e-10,3.04523880979803e-07,2.42902343769441e-07,"FCN3/CXCL13/CCL19/DAO/CTSG/PRF1/CXCL6/CFB/GNLY/CAMP/CXCL2/DEFA3/PLA2G2A/CCL18/CCL11/S100A12/C6/CCL13/CXCL3/PF4",20
"GO:0097529","myeloid leukocyte migration","26/472","237/18860",0.109704641350211,4.38353715225631,8.39814527386736,2.90992719522029e-10,3.04523880979803e-07,2.42902343769441e-07,"EMP2/DUSP1/CXCL13/CCL19/CTSG/DPEP1/CXCL6/EDN1/CD177/GREM1/CCL11/CXCR1/VEGFA/IL6/S100A12/CCL7/AGER/TNFSF11/DAPK2/CCL13/SERPINE1/CXCL3/PLA2G1B/THBS4/SAA1/PF4",26
"GO:0001906","cell killing","28/472","281/18860",0.099644128113879,3.98154291573678,8.06763310671428,5.59993295022568e-10,4.68826386592894e-07,3.73957627749808e-07,"EMP2/FCN3/CXCL13/CCL19/DAO/CTSG/PRF1/CXCL6/CFB/GNLY/IL13/CAMP/CXCL2/DEFA3/PLA2G2A/CD160/CD1A/SERPINB4/NOS2/CCL18/CCL11/S100A12/C6/AGER/CCL13/CXCL3/SLAMF7/PF4",28
"GO:0006935","chemotaxis","36/472","474/18860",0.0759493670886076,3.0347564900236,7.18821514805883,3.64498528007912e-09,2.43629038519288e-06,1.94329798622773e-06,"DUSP1/CXCL13/CCL19/CTSG/CMTM2/DPEP1/CXCL6/EDN1/CXCL2/WNT3A/GREM1/CCL18/CCL11/CXCR1/SEMA3G/VEGFA/IL6/S100A12/CCL7/AGER/TNFSF11/DAPK2/SEMA3E/CCL13/HBEGF/SERPINE1/CXCL3/SEMA6A/PLA2G1B/CXCR5/THBS4/TUBB2B/SAA1/PF4/PROK2/CDH13",36
"GO:0042330","taxis","36/472","476/18860",0.0756302521008403,3.02200541233443,7.15861269827686,4.07406418928575e-09,2.43629038519288e-06,1.94329798622773e-06,"DUSP1/CXCL13/CCL19/CTSG/CMTM2/DPEP1/CXCL6/EDN1/CXCL2/WNT3A/GREM1/CCL18/CCL11/CXCR1/SEMA3G/VEGFA/IL6/S100A12/CCL7/AGER/TNFSF11/DAPK2/SEMA3E/CCL13/HBEGF/SERPINE1/CXCL3/SEMA6A/PLA2G1B/CXCR5/THBS4/TUBB2B/SAA1/PF4/PROK2/CDH13",36
"GO:0097530","granulocyte migration","19/472","148/18860",0.128378378378378,5.12969537333944,8.08075337855457,5.57922251374732e-09,2.91932818031828e-06,2.32859129126401e-06,"EMP2/CXCL13/CCL19/DPEP1/CXCL6/EDN1/CD177/CCL11/CXCR1/VEGFA/S100A12/CCL7/DAPK2/CCL13/CXCL3/PLA2G1B/THBS4/SAA1/PF4",19
"GO:0030595","leukocyte chemotaxis","24/472","237/18860",0.10126582278481,4.04634198669813,7.56120633731248,7.0650769806915e-09,3.28604580457496e-06,2.6211022435969e-06,"DUSP1/CXCL13/CCL19/CTSG/DPEP1/CXCL6/EDN1/GREM1/CCL11/CXCR1/VEGFA/IL6/S100A12/CCL7/TNFSF11/DAPK2/CCL13/SERPINE1/CXCL3/PLA2G1B/CXCR5/THBS4/SAA1/PF4",24
"GO:0071621","granulocyte chemotaxis","17/472","121/18860",0.140495867768595,5.61388149600784,8.15734813701134,8.97861007201942e-09,3.75844617614733e-06,2.9979106472048e-06,"CXCL13/CCL19/DPEP1/CXCL6/EDN1/CCL11/CXCR1/VEGFA/S100A12/CCL7/DAPK2/CCL13/CXCL3/PLA2G1B/THBS4/SAA1/PF4",17
"GO:0019730","antimicrobial humoral response","20/472","184/18860",0.108695652173913,4.34322033898305,7.30121371866653,3.93670292797775e-08,1.49809440513772e-05,1.19494944378425e-05,"CXCL13/CCL19/CTSG/CXCL6/GNLY/WFDC2/CAMP/PRSS2/CXCL2/DEFA3/FGA/MMP7/CCL18/CCL11/S100A12/CCL7/CCL13/CXCL3/PLA2G1B/PF4",20
"GO:1990266","neutrophil migration","15/472","106/18860",0.141509433962264,5.65438119603454,7.69894129585825,6.1063527048078e-08,2.13009936852712e-05,1.69906585786407e-05,"EMP2/CXCL13/CCL19/DPEP1/CXCL6/EDN1/CD177/CXCR1/S100A12/DAPK2/CXCL3/PLA2G1B/THBS4/SAA1/PF4",15
"GO:0060326","cell chemotaxis","27/472","330/18860",0.0818181818181818,3.26926040061633,6.66295188194512,7.649407418556e-08,2.40815186574116e-05,1.92085340059118e-05,"DUSP1/CXCL13/CCL19/CTSG/DPEP1/CXCL6/EDN1/CXCL2/GREM1/CCL18/CCL11/CXCR1/VEGFA/IL6/S100A12/CCL7/TNFSF11/DAPK2/CCL13/HBEGF/SERPINE1/CXCL3/PLA2G1B/CXCR5/THBS4/SAA1/PF4",27
"GO:0030198","extracellular matrix organization","27/472","331/18860",0.081570996978852,3.25938348097701,6.64417461274619,8.13834295728414e-08,2.40815186574116e-05,1.92085340059118e-05,"MATN3/ANGPTL7/WT1/FOXF1/MMP10/CTSG/MMP12/MMP3/MMP1/MMP19/COL14A1/PRSS2/COL5A2/WNT3A/ADAMTS16/GREM1/RXFP1/MMP7/MMP11/IL6/SFRP2/RAMP2/OLFML2A/COMP/ADAMTS14/P4HA3/COL3A1",27
"GO:0043062","extracellular structure organization","27/472","332/18860",0.0813253012048193,3.24956606085358,6.62546866085269,8.65621477425175e-08,2.40815186574116e-05,1.92085340059118e-05,"MATN3/ANGPTL7/WT1/FOXF1/MMP10/CTSG/MMP12/MMP3/MMP1/MMP19/COL14A1/PRSS2/COL5A2/WNT3A/ADAMTS16/GREM1/RXFP1/MMP7/MMP11/IL6/SFRP2/RAMP2/OLFML2A/COMP/ADAMTS14/P4HA3/COL3A1",27
"GO:0045229","external encapsulating structure organization","27/472","333/18860",0.0810810810810811,3.23980760421438,6.60683350870893,9.20459384898675e-08,2.40815186574116e-05,1.92085340059118e-05,"MATN3/ANGPTL7/WT1/FOXF1/MMP10/CTSG/MMP12/MMP3/MMP1/MMP19/COL14A1/PRSS2/COL5A2/WNT3A/ADAMTS16/GREM1/RXFP1/MMP7/MMP11/IL6/SFRP2/RAMP2/OLFML2A/COMP/ADAMTS14/P4HA3/COL3A1",27
"GO:0030593","neutrophil chemotaxis","13/472","83/18860",0.156626506024096,6.2584235246069,7.6920940786431,1.37563948095995e-07,3.38730992194021e-05,2.70187519108667e-05,"CXCL13/CCL19/DPEP1/CXCL6/EDN1/CXCR1/S100A12/DAPK2/CXCL3/PLA2G1B/THBS4/SAA1/PF4",13
"GO:0060562","epithelial tube morphogenesis","27/472","344/18860",0.0784883720930233,3.13620910524241,6.40637680578306,1.77840615403452e-07,4.13578231154918e-05,3.2988914155541e-05,"SALL4/CTHRC1/WT1/FOXF1/IGF1/NDRG4/SOSTDC1/TNC/HHIP/LCN2/RET/EDN1/WNT3A/ADAMTS16/DLL4/GREM1/DNAAF1/AGTR2/CCL11/VEGFA/SIX1/SFRP2/SEMA3E/MYCN/ACVRL1/SIX4/CCDC39",27
"GO:0031649","heat generation","7/472","19/18860",0.368421052631579,14.721231043711,9.58696153632224,2.28397828311645e-07,5.03196478585551e-05,4.01372804102238e-05,"APLN/ADRB2/NMU/IL1A/TNFSF11/PTGS2/HTR2A",7
"GO:0006959","humoral immune response","25/472","307/18860",0.0814332247557003,3.25387842985701,6.37904527817233,2.5506356762597e-07,5.33848047041155e-05,4.25821913952409e-05,"FCN3/CXCL13/CCL19/CTSG/CXCL6/CFB/GNLY/WFDC2/CAMP/PRSS2/POU2AF1/CXCL2/DEFA3/FGA/MMP7/CCL18/CCL11/IL6/S100A12/CCL7/C6/CCL13/CXCL3/PLA2G1B/PF4",25
"GO:0061844","antimicrobial humoral immune response mediated by antimicrobial peptide","16/472","135/18860",0.118518518518519,4.73571876961707,6.97900046977182,2.75856146425049e-07,5.49873251873931e-05,4.38604359127947e-05,"CXCL13/CCL19/CXCL6/GNLY/CAMP/CXCL2/DEFA3/MMP7/CCL18/CCL11/S100A12/CCL7/CCL13/CXCL3/PLA2G1B/PF4",16
"GO:0050900","leukocyte migration","28/472","397/18860",0.0705289672544081,2.81817017461469,5.86599555914381,9.24769665035612e-07,0.000174847060794305,0.000139466109296536,"EMP2/DUSP1/CXCL13/CCL19/CTSG/DPEP1/CXCL6/RET/EDN1/CD177/GREM1/CCL11/CXCR1/VEGFA/IL6/S100A12/CCL7/AGER/TNFSF11/DAPK2/CCL13/SERPINE1/CXCL3/PLA2G1B/CXCR5/THBS4/SAA1/PF4",28
"GO:0048754","branching morphogenesis of an epithelial tube","17/472","166/18860",0.102409638554217,4.09204615070451,6.41079625104059,9.60698136232445e-07,0.000174847060794305,0.000139466109296536,"WT1/FOXF1/IGF1/TNC/HHIP/EDN1/ADAMTS16/DLL4/GREM1/AGTR2/CCL11/VEGFA/SIX1/SFRP2/SEMA3E/MYCN/SIX4",17
"GO:0030574","collagen catabolic process","9/472","45/18860",0.2,7.99152542372881,7.52296720918185,1.42009048278306e-06,0.000247687448372079,0.000197566974183678,"MMP10/MMP12/MMP3/MMP1/MMP19/PRSS2/MMP7/MMP11/ADAMTS14",9
"GO:0060541","respiratory system development","20/472","231/18860",0.0865800865800866,3.45953481546702,6.02597430008623,1.57786506285077e-06,0.000264197726123733,0.000210736335973164,"HMGCS2/WT1/FOXF1/KLF2/IGF1/MMP12/TNC/HHIP/IL13/HYDIN/RXFP1/ERRFI1/DNAAF1/VEGFA/SIX1/MME/COL3A1/MYCN/SIX4/CCDC39",20
"GO:0009410","response to xenobiotic stimulus","29/472","443/18860",0.0654627539503386,2.61573631250717,5.51348232471405,2.64284452388883e-06,0.000424401033866984,0.000338521909982164,"HMGCS2/FOS/FUT1/FMO1/SLC6A4/ANKRD1/CD38/LCN2/ALDH3A1/EDN1/SLC1A1/SRD5A2/GRIA1/SLC28A3/CYP3A7/GAL/FOSB/ERRFI1/NOS2/MMP7/UGT1A6/S100A12/SFRP2/CYP3A5/CYP2F1/GSTA5/HTR2A/GRIN2A/CDH13",29
"GO:0061138","morphogenesis of a branching epithelium","18/472","199/18860",0.0904522613065327,3.61425772932459,5.93978280140649,2.81836722367532e-06,0.000424401033866984,0.000338521909982164,"WT1/FOXF1/IGF1/TNC/HHIP/SOCS3/EDN1/ADAMTS16/DLL4/GREM1/AGTR2/CCL11/VEGFA/SIX1/SFRP2/SEMA3E/MYCN/SIX4",18
"GO:0032496","response to lipopolysaccharide","25/472","350/18860",0.0714285714285714,2.85411622276029,5.60958649238518,2.83880290212029e-06,0.000424401033866984,0.000338521909982164,"HMGCS2/FOS/CXCL13/CTSG/FMO1/CXCL6/ANKRD1/MMP3/NLRP7/LCN2/FCAR/EDN1/IL13/CAMP/CD180/ZFP36/DIO2/CSF3/NOS2/CLDN1/IL6/IL1A/SERPINE1/HPGD/PF4",25
"GO:0002237","response to molecule of bacterial origin","26/472","375/18860",0.0693333333333333,2.77039548022599,5.54803612989701,3.10533623439121e-06,0.0004482392233504,0.000357536353375278,"HMGCS2/FOS/CXCL13/CTSG/FMO1/CXCL6/ANKRD1/MMP3/NLRP7/LCN2/FCAR/EDN1/IL13/CAMP/CD180/CXCL2/ZFP36/DIO2/CSF3/NOS2/CLDN1/IL6/IL1A/SERPINE1/HPGD/PF4",26
"GO:0070371","ERK1 and ERK2 cascade","24/472","331/18860",0.0725075528700906,2.89722976086845,5.57918826876515,3.46672072218079e-06,0.000479154104225193,0.000382195493399631,"DUSP1/RAMP3/CCL19/IGF1/NDRG4/EDN1/PLA2G2A/KLF4/FAM83D/ATF3/TEK/FGA/P2RY1/ERRFI1/PTPRR/CCL11/VEGFA/PSCA/IL1A/AGER/TNFSF11/SEMA6A/SPRY4/HTR2A",24
"GO:0008544","epidermis development","27/472","402/18860",0.0671641791044776,2.68372122438654,5.4670616870927,3.64430660192838e-06,0.000479154104225193,0.000382195493399631,"WNT10A/MAFF/SULT2B1/CRABP2/COL7A1/SOSTDC1/SPRR1B/KRT5/BNC1/KRT15/KLF4/SPRR1A/GJB5/IVL/KRT6C/GAL/KRT16/ZFP36/ERRFI1/CDH3/COL17A1/CLDN1/KRT6B/RBP2/KRT17/MYCN/KRT72",27
"GO:0008217","regulation of blood pressure","18/472","203/18860",0.0886699507389163,3.54304082825415,5.8363795625808,3.73831118854666e-06,0.000479154104225193,0.000382195493399631,"EMP2/APLN/TTR/CTSG/ADRB2/SLC2A5/EDN1/NPR3/ADAMTS16/NOS2/KL/AGTR2/UTS2/NMU/RAMP2/PTGS2/MME/ACVRL1",18
"GO:1903532","positive regulation of secretion by cell","23/472","310/18860",0.0741935483870968,2.96459814106069,5.58786236899491,3.77737349245853e-06,0.000479154104225193,0.000382195493399631,"APLN/IGF1/SLC6A4/ANKRD1/CD38/ADCY8/EDN1/IL13/CAMP/CD177/CD160/GAL/FGA/P2RY1/CHRM3/KCNN4/NMU/IL1A/SPP1/TNFSF11/PLA2G1B/GPR158/F2RL2",23
"GO:0031652","positive regulation of heat generation","5/472","11/18860",0.454545454545455,18.1625577812018,9.12215148083296,3.9207980464793e-06,0.000482719430075363,0.000385039362335366,"APLN/NMU/TNFSF11/PTGS2/HTR2A",5
"GO:0042445","hormone metabolic process","20/472","246/18860",0.0813008130081301,3.24858757062147,5.68748921999548,4.14572114919095e-06,0.000495828249443237,0.000395495563465675,"CRABP2/CTSG/EGR1/HSD17B6/SRD5A2/ADH4/DHRS2/CYP3A7/GAL/STC2/DIO2/SCG5/SPP1/CRYM/PCSK2/CYP3A5/AKR1B10/PCSK1/MME/CHST9",20
"GO:0002446","neutrophil mediated immunity","8/472","40/18860",0.2,7.99152542372881,7.09177926302212,5.51627957191588e-06,0.000641420730223329,0.000511626865558981,"ANXA3/DAO/CTSG/CXCL6/FCAR/CD177/IL6/PLA2G1B",8
"GO:0002548","monocyte chemotaxis","9/472","54/18860",0.166666666666667,6.65960451977401,6.67264209303706,6.9802730076429e-06,0.000789714129999816,0.000629912545668372,"DUSP1/CTSG/GREM1/IL6/S100A12/CCL7/TNFSF11/SERPINE1/PF4",9
"GO:2000027","regulation of animal organ morphogenesis","11/472","84/18860",0.130952380952381,5.23254640839387,6.22877890373953,7.69117119187001e-06,0.000818707776745442,0.000653039220418071,"WNT10A/WT1/EDN1/WNT3A/PAX9/GREM1/AGTR2/VEGFA/SIX1/SFRP2/SIX4",11
"GO:0060485","mesenchyme development","24/472","347/18860",0.069164265129683,2.76363991598691,5.31250483598408,7.74488434133732e-06,0.000818707776745442,0.000653039220418071,"WNT10A/EMP2/MEOX1/WT1/FOXF1/IGF1/TMEM100/RET/EDN1/FAM83D/WNT3A/CDH2/GREM1/SERPINB3/SEMA3G/VEGFA/IL6/SIX1/SFRP2/SEMA3E/SEMA6A/ACVRL1/SIX4/HEY1",24
"GO:0001763","morphogenesis of a branching structure","18/472","214/18860",0.0841121495327103,3.36092190717567,5.56491776289006,7.82329456995167e-06,0.000818707776745442,0.000653039220418071,"WT1/FOXF1/IGF1/TNC/HHIP/SOCS3/EDN1/ADAMTS16/DLL4/GREM1/AGTR2/CCL11/VEGFA/SIX1/SFRP2/SEMA3E/MYCN/SIX4",18
"GO:0070372","regulation of ERK1 and ERK2 cascade","22/472","303/18860",0.0726072607260726,2.90121385019858,5.34516950279178,8.64174996954794e-06,0.000882301594451895,0.000703764593155483,"DUSP1/RAMP3/CCL19/IGF1/NDRG4/PLA2G2A/KLF4/FAM83D/ATF3/TEK/FGA/P2RY1/ERRFI1/PTPRR/VEGFA/PSCA/IL1A/AGER/TNFSF11/SEMA6A/SPRY4/HTR2A",22
"GO:0044703","multi-organism reproductive process","18/472","217/18860",0.0829493087557604,3.31445754901195,5.49394451052336,9.481302088687e-06,0.000924062808356322,0.000737075270477092,"MAFF/FOS/EMP2/CD38/FBN2/EDN1/PNOC/STC1/STC2/FOSB/RXFP1/ERRFI1/VEGFA/SPP1/JUNB/PTGS2/SERPINA5/HPGD",18
"GO:1901342","regulation of vasculature development","25/472","375/18860",0.0666666666666667,2.6638418079096,5.21411999060081,9.49228398454894e-06,0.000924062808356322,0.000737075270477092,"SERPINF1/EMP2/FUT1/ANGPTL7/KLF2/CXCL13/ANXA3/CAMP/KLF4/CD160/TEK/GREM1/CCL11/VEGFA/IL6/IL1A/SFRP2/RAMP2/SEMA3E/SERPINE1/SEMA6A/THBS4/PF4/ACVRL1/ISM1",25
"GO:0051047","positive regulation of secretion","23/472","331/18860",0.0694864048338369,2.7765118541656,5.22419282077147,1.10938480174347e-05,0.00105542835911322,0.000841858514624473,"APLN/IGF1/SLC6A4/ANKRD1/CD38/ADCY8/EDN1/IL13/CAMP/CD177/CD160/GAL/FGA/P2RY1/CHRM3/KCNN4/NMU/IL1A/SPP1/TNFSF11/PLA2G1B/GPR158/F2RL2",23
"GO:0042060","wound healing","28/472","453/18860",0.0618101545253863,2.46978710667116,5.07311970714254,1.152248632239e-05,0.00106635161919661,0.000850571412500725,"ANGPTL7/IGF1/CTSG/PRF1/MMP12/SLC6A4/EDN1/WNT7A/DST/FGA/P2RY1/WNT3A/CLDN1/VEGFA/IL6/IL1A/AGER/HBEGF/SERPINE1/TUBB1/COMP/SAA1/HTR2A/PF4/COL3A1/ACVRL1/F5/F2RL2",28
"GO:0022617","extracellular matrix disassembly","10/472","72/18860",0.138888888888889,5.54967043314501,6.19682159468238,1.17181496615012e-05,0.00106635161919661,0.000850571412500725,"MMP10/CTSG/MMP12/MMP3/MMP1/MMP19/PRSS2/MMP7/MMP11/IL6",10
"GO:0031650","regulation of heat generation","5/472","14/18860",0.357142857142857,14.2705811138015,7.95806436405246,1.59636536099167e-05,0.00142178412789599,0.00113408083428121,"APLN/NMU/TNFSF11/PTGS2/HTR2A",5
"GO:0044706","multi-multicellular organism process","18/472","227/18860",0.079295154185022,3.1684462032405,5.26602929664225,1.75270253911541e-05,0.00152850267265356,0.00121920448554256,"MAFF/FOS/EMP2/CD38/FBN2/EDN1/PNOC/STC1/STC2/FOSB/RXFP1/ERRFI1/VEGFA/SPP1/JUNB/PTGS2/SERPINA5/HPGD",18
"GO:0045765","regulation of angiogenesis","24/472","365/18860",0.0657534246575342,2.62735082423961,5.02994845573363,1.79275132052559e-05,0.00153152184239186,0.0012216127150821,"SERPINF1/EMP2/FUT1/KLF2/CXCL13/ANXA3/CAMP/KLF4/CD160/TEK/GREM1/CCL11/VEGFA/IL6/IL1A/SFRP2/RAMP2/SEMA3E/SERPINE1/SEMA6A/THBS4/PF4/ACVRL1/ISM1",24
"GO:0071222","cellular response to lipopolysaccharide","18/472","229/18860",0.0786026200873362,3.14077418399822,5.22196070152102,1.97271872712877e-05,0.00162797662086013,0.00129854951124508,"HMGCS2/CXCL13/CTSG/CXCL6/ANKRD1/MMP3/NLRP7/LCN2/FCAR/CAMP/CD180/ZFP36/CSF3/NOS2/IL6/IL1A/SERPINE1/PF4",18
"GO:0045471","response to ethanol","13/472","128/18860",0.1015625,4.05819650423729,5.56213313415356,1.98344022130594e-05,0.00162797662086013,0.00129854951124508,"HMGCS2/FOS/TNC/IL13/GRIA1/SOX2/FOSB/CD27/CSF3/CLDN1/CCL7/GRIN2A/HPGD",13
"GO:0003073","regulation of systemic arterial blood pressure","12/472","112/18860",0.107142857142857,4.28117433414044,5.57986801971444,2.40843371535964e-05,0.00193878914086451,0.00154646796459935,"EMP2/APLN/TTR/CTSG/ADRB2/SLC2A5/EDN1/ADAMTS16/KL/AGTR2/NMU/MME",12
"GO:0090183","regulation of kidney development","7/472","37/18860",0.189189189189189,7.55955107650023,6.39872787706564,3.15922034705865e-05,0.00249518799486557,0.00199027744605164,"WT1/RET/GREM1/AGTR2/VEGFA/SIX1/SIX4",7
"GO:0003018","vascular process in circulatory system","20/472","283/18860",0.0706713780918728,2.82386057375576,4.95290667154636,3.24504392526345e-05,0.00251550997613941,0.0020064871990128,"APLN/KLF2/SLC2A3/ADRB2/SLC6A4/CD38/SH3GL2/EDN1/SLC1A1/TEK/FGA/P2RY1/AGTR2/UTS2/KCNMB4/VEGFA/AGER/RAMP2/COMP/HTR2A",20
"GO:1990868","response to chemokine","11/472","98/18860",0.112244897959184,4.48503977862331,5.54171635951815,3.38919451171698e-05,0.00253342289750844,0.00202077537427937,"DUSP1/CXCL13/CCL19/CXCL6/EDN1/CCL18/CCL11/CXCR1/CCL7/CCL13/CXCR5",11
"GO:1990869","cellular response to chemokine","11/472","98/18860",0.112244897959184,4.48503977862331,5.54171635951815,3.38919451171698e-05,0.00253342289750844,0.00202077537427937,"DUSP1/CXCL13/CCL19/CXCL6/EDN1/CCL18/CCL11/CXCR1/CCL7/CCL13/CXCR5",11
"GO:0010594","regulation of endothelial cell migration","18/472","239/18860",0.0753138075313808,3.00936103822424,5.00862491376383,3.48697970201627e-05,0.00256078895309476,0.0020426038069798,"SERPINF1/EMP2/FUT1/CXCL13/ANXA3/LCN2/EDN1/WNT7A/STC1/KLF4/ROBO4/TEK/DLL4/GREM1/AGTR2/VEGFA/PTGS2/ACVRL1",18
"GO:0031424","keratinization","10/472","82/18860",0.121951219512195,4.8728813559322,5.63092228690727,3.74121301037917e-05,0.00270012373473228,0.00215374367857037,"SPRR1B/KRT5/SPRR1A/IVL/KRT6C/KRT16/CDH3/KRT6B/KRT17/KRT72",10
"GO:0003012","muscle system process","28/472","485/18860",0.0577319587628866,2.30683208107636,4.67132479655634,3.93659212837347e-05,0.00279297875413074,0.00222780914026774,"APLN/IGF1/ADRB2/MLIP/CHRM2/SLN/TNNC1/CD38/NMUR1/EDN1/COL14A1/NPR3/SMPX/NR4A3/STC1/KLF4/MYH2/P2RY1/JSRP1/CHRM3/ERRFI1/MYH1/UTS2/NMU/COMP/FGF12/HTR2A/PROK2",28
"GO:0002444","myeloid leukocyte mediated immunity","12/472","118/18860",0.101694915254237,4.06348750359092,5.34825655390771,4.06415346023402e-05,0.00283542439742327,0.00226166575015129,"FOXF1/ANXA3/DAO/CTSG/CXCL6/FCAR/IL13/CD177/NR4A3/IL6/IL13RA2/PLA2G1B",12
"GO:0048844","artery morphogenesis","10/472","83/18860",0.120481927710843,4.81417194200531,5.57942304813094,4.16006689572614e-05,0.00285476065991961,0.00227708924818694,"FOXF1/EDN1/DLL4/VEGFA/SIX1/COMP/HPGD/COL3A1/ACVRL1/HEY1",10
"GO:0050878","regulation of body fluid levels","24/472","389/18860",0.0616966580976864,2.46525205873382,4.67848260202114,4.98847595913201e-05,0.00336802586531074,0.00268649333486702,"EMP2/APLN/ANGPTL7/TTR/CTSG/SLC6A4/EDN1/NPR3/FGA/P2RY1/WNT3A/CHRM3/KCNN4/VEGFA/IL6/SERPINE1/TUBB1/COMP/SAA1/HTR2A/PF4/COL3A1/F5/F2RL2",24
"GO:0050678","regulation of epithelial cell proliferation","25/472","416/18860",0.0600961538461538,2.40129970664928,4.63034362267826,5.35228069956988e-05,0.00344844470371898,0.00275063912294028,"SERPINF1/FUT1/APLN/IGF1/MMP12/UHRF1/WNT7A/NR4A3/TEK/WNT3A/ZFP36/DLL4/ERRFI1/CDH3/CLDN1/CCL11/VEGFA/SIX1/SFRP2/THBS4/FUT2/MYCN/ACVRL1/SIX4/CDH13",25
"GO:0002251","organ or tissue specific immune response","7/472","40/18860",0.175,6.99258474576271,6.07851443801759,5.3619913206453e-05,0.00344844470371898,0.00275063912294028,"BPIFB1/CAMP/DEFA3/CD160/NOS2/IL6/PLA2G1B",7
"GO:0071219","cellular response to molecule of bacterial origin","18/472","247/18860",0.0728744939271255,2.91189185479997,4.84581347178856,5.36688430763796e-05,0.00344844470371898,0.00275063912294028,"HMGCS2/CXCL13/CTSG/CXCL6/ANKRD1/MMP3/NLRP7/LCN2/FCAR/CAMP/CD180/ZFP36/CSF3/NOS2/IL6/IL1A/SERPINE1/PF4",18
"GO:0030324","lung development","16/472","203/18860",0.0788177339901478,3.1493696251148,4.93288853764257,5.47421890608563e-05,0.00344844470371898,0.00275063912294028,"HMGCS2/FOXF1/KLF2/IGF1/MMP12/TNC/HHIP/IL13/RXFP1/ERRFI1/DNAAF1/VEGFA/MME/COL3A1/MYCN/CCDC39",16
"GO:0030168","platelet activation","13/472","141/18860",0.0921985815602837,3.68403654285371,5.12530530502961,5.51948865621529e-05,0.00344844470371898,0.00275063912294028,"CTSG/SLC6A4/FGA/P2RY1/WNT3A/IL6/TUBB1/COMP/SAA1/HTR2A/PF4/COL3A1/F2RL2",13
"GO:0050817","coagulation","18/472","248/18860",0.0725806451612903,2.90015035538546,4.82592277225426,5.65590991261357e-05,0.00347089947114223,0.0027685500848601,"ANGPTL7/CTSG/SLC6A4/EDN1/HS3ST5/FGA/P2RY1/WNT3A/IL6/SERPINE1/TUBB1/COMP/SAA1/HTR2A/PF4/COL3A1/F5/F2RL2",18
"GO:0050673","epithelial cell proliferation","28/472","496/18860",0.0564516129032258,2.25567249863313,4.5404266155114,5.82385798196828e-05,0.00347089947114223,0.0027685500848601,"SERPINF1/FUT1/APLN/IGF1/MMP12/UHRF1/WNT7A/NR4A3/TEK/WNT3A/ZFP36/DLL4/ERRFI1/CDH3/CLDN1/CCL11/VEGFA/IL6/SIX1/SFRP2/TNFSF11/THBS4/FUT2/MYCN/ACVRL1/PROK2/SIX4/CDH13",28
"GO:0035296","regulation of tube diameter","14/472","162/18860",0.0864197530864197,3.45312826951245,5.02392640493366,5.88709657073814e-05,0.00347089947114223,0.0027685500848601,"APLN/KLF2/ADRB2/SLC6A4/CD38/EDN1/FGA/P2RY1/AGTR2/UTS2/KCNMB4/VEGFA/COMP/HTR2A",14
"GO:0097746","blood vessel diameter maintenance","14/472","162/18860",0.0864197530864197,3.45312826951245,5.02392640493366,5.88709657073814e-05,0.00347089947114223,0.0027685500848601,"APLN/KLF2/ADRB2/SLC6A4/CD38/EDN1/FGA/P2RY1/AGTR2/UTS2/KCNMB4/VEGFA/COMP/HTR2A",14
"GO:0090190","positive regulation of branching involved in ureteric bud morphogenesis","5/472","18/18860",0.277777777777778,11.09934086629,6.86797752552819,6.28834287046724e-05,0.00361021267355901,0.00287967274386531,"GREM1/AGTR2/VEGFA/SIX1/SIX4",5
"GO:0035150","regulation of tube size","14/472","163/18860",0.0858895705521472,3.43194343350317,4.99602254313392,6.29587972216455e-05,0.00361021267355901,0.00287967274386531,"APLN/KLF2/ADRB2/SLC6A4/CD38/EDN1/FGA/P2RY1/AGTR2/UTS2/KCNMB4/VEGFA/COMP/HTR2A",14
"GO:0030199","collagen fibril organization","9/472","71/18860",0.126760563380282,5.06505132489854,5.49802178717731,6.71273678507405e-05,0.00379723191652972,0.00302884794911165,"COL14A1/COL5A2/GREM1/MMP11/SFRP2/COMP/ADAMTS14/P4HA3/COL3A1",9
"GO:0030323","respiratory tube development","16/472","207/18860",0.0772946859903382,3.08851224105461,4.84073083504089,6.91086206163952e-05,0.00385718247866974,0.00307666729256429,"HMGCS2/FOXF1/KLF2/IGF1/MMP12/TNC/HHIP/IL13/RXFP1/ERRFI1/DNAAF1/VEGFA/MME/COL3A1/MYCN/CCDC39",16
"GO:0001659","temperature homeostasis","15/472","186/18860",0.0806451612903226,3.22238928376162,4.880013362143,7.17328053130214e-05,0.0039509674084251,0.00315147449380753,"APLN/ADRB2/SLN/LCN2/EGR1/IRF4/IL13/NPR3/DIO2/NMU/VEGFA/IL1A/TNFSF11/PTGS2/HTR2A",15
"GO:0070098","chemokine-mediated signaling pathway","10/472","89/18860",0.112359550561798,4.48962102456675,5.28679712707961,7.61038456153785e-05,0.00413728178890876,0.00330008746810636,"CXCL13/CCL19/CXCL6/EDN1/CCL18/CCL11/CXCR1/CCL7/CCL13/CXCR5",10
"GO:0043542","endothelial cell migration","20/472","302/18860",0.0662251655629139,2.64620047143338,4.62044377765411,8.04103105876979e-05,0.00427445672386097,0.00340950454600221,"SERPINF1/EMP2/FUT1/CXCL13/ANXA3/LCN2/EDN1/WNT7A/STC1/KLF4/ROBO4/TEK/DLL4/GREM1/AGTR2/VEGFA/S100A12/PTGS2/ACVRL1/CDH13",20
"GO:0010038","response to metal ion","22/472","351/18860",0.0626780626780627,2.50446665700903,4.55835064463438,8.10702415454394e-05,0.00427445672386097,0.00340950454600221,"SERPINF1/HMGCS2/FOS/DUSP1/DLG2/DPEP1/TNNC1/LCN2/ADCY8/EDN1/SLC1A1/GRIA1/CPNE4/CHP2/CPNE5/FGA/FOSB/CLDN1/KCNMB4/MT1M/IL1A/JUNB",22
"GO:0050805","negative regulation of synaptic transmission","8/472","57/18860",0.140350877192982,5.6080880166518,5.58222969374575,8.16905250618436e-05,0.00427445672386097,0.00340950454600221,"SLC6A4/CD38/ADCY8/GRIA1/PMCH/ARC/AGER/HTR2A",8
"GO:0070661","leukocyte proliferation","22/472","356/18860",0.0617977528089888,2.46929156351171,4.48397575905822,9.95924150927768e-05,0.0051468376491156,0.00410535595418178,"EMP2/CD19/CCL19/IGF1/CLEC4G/CD38/IL13/NPR3/CD180/PLA2G2A/HHLA2/GAL/WNT3A/GREM1/VTCN1/IL6/IL1A/MZB1/AGER/TNFSF11/JUNB/LRRC32",22
"GO:0001975","response to amphetamine","6/472","31/18860",0.193548387096774,7.73373428102788,6.0115474026736,0.000102950865137662,0.00522732044491168,0.00416955275762815,"NR4A2/EDN1/SLC1A1/FOSB/RGS9/GRIN2A",6
"GO:0045109","intermediate filament organization","9/472","75/18860",0.12,4.79491525423729,5.27582274622884,0.000103647299791608,0.00522732044491168,0.00416955275762815,"BFSP2/KRT5/KRT15/KRT6C/KRT16/KRT6B/KRT17/KRT13/KRT72",9
"GO:0014820","tonic smooth muscle contraction","4/472","11/18860",0.363636363636364,14.5300462249615,7.19141824780663,0.000111147051255914,0.00547366537126186,0.0043660488741023,"CD38/EDN1/NMU/HTR2A",4
"GO:0060426","lung vasculature development","4/472","11/18860",0.363636363636364,14.5300462249615,7.19141824780663,0.000111147051255914,0.00547366537126186,0.0043660488741023,"FOXF1/IGF1/ERRFI1/VEGFA",4
"GO:0007613","memory","12/472","131/18860",0.0916030534351145,3.66024065208953,4.89510893332228,0.000112817108233703,0.00549130715193348,0.00438012077499761,"SERPINF1/FOS/SLC6A4/LCN2/ADCY8/SLC1A1/GRIA1/LRRN4/ARC/KCTD16/HTR2A/GRIN2A",12
"GO:0032355","response to estradiol","11/472","113/18860",0.0973451327433628,3.8896805159742,4.93612607666557,0.00012571769716286,0.00604889977383599,0.00482488246098719,"DUSP1/RAMP3/SLC6A4/CD38/WNT7A/GRIA1/ERRFI1/ESR2/RGS9/SSTR1/HPGD",11
"GO:0051384","response to glucocorticoid","12/472","133/18860",0.0902255639097744,3.60519943927616,4.8305410077311,0.000130413303274231,0.00620352372165833,0.00494821767925673,"SERPINF1/HMGCS2/FOS/DUSP1/EDN1/STC1/ZFP36/FOSB/ERRFI1/CLDN1/IL6/FAM107A",12
"GO:0014075","response to amine","7/472","46/18860",0.152173913043478,6.08050847457627,5.52724363395596,0.00013526011260913,0.00635990430881585,0.0050729540743742,"NR4A2/EDN1/SLC1A1/GRIA1/FOSB/RGS9/GRIN2A",7
"GO:0048771","tissue remodeling","15/472","197/18860",0.0761421319796954,3.04245891766325,4.61698854356149,0.000136739461966896,0.00635990430881585,0.0050729540743742,"CTHRC1/IGF1/ADRB2/CD38/NPR3/DLL4/GREM1/AGTR2/IL6/IL1A/SPP1/AGER/TNFSF11/THBS4/ACVRL1",15
"GO:0048245","eosinophil chemotaxis","5/472","21/18860",0.238095238095238,9.5137207425343,6.25407675832097,0.000140361429756057,0.00636167055875408,0.005074362917084,"CCL19/CCL11/CCL7/DAPK2/CCL13",5
"GO:0090189","regulation of branching involved in ureteric bud morphogenesis","5/472","21/18860",0.238095238095238,9.5137207425343,6.25407675832097,0.000140361429756057,0.00636167055875408,0.005074362917084,"GREM1/AGTR2/VEGFA/SIX1/SIX4",5
"GO:0007596","blood coagulation","17/472","243/18860",0.0699588477366255,2.79538955151008,4.51304914575436,0.000141336684654594,0.00636167055875408,0.005074362917084,"ANGPTL7/CTSG/SLC6A4/EDN1/FGA/P2RY1/WNT3A/IL6/SERPINE1/TUBB1/COMP/SAA1/HTR2A/PF4/COL3A1/F5/F2RL2",17
"GO:0045104","intermediate filament cytoskeleton organization","10/472","96/18860",0.104166666666667,4.16225282485876,4.97659817110666,0.000144506288067374,0.00643514172180879,0.00513296691768991,"BFSP2/KRT5/KRT15/DST/KRT6C/KRT16/KRT6B/KRT17/KRT13/KRT72",10
"GO:0006953","acute-phase response","7/472","47/18860",0.148936170212766,5.95113595384061,5.44487401138643,0.000155544984781951,0.00677728977398536,0.00540588004201513,"LCN2/IL6/IL1A/SAA4/TNFSF11/PTGS2/SAA1",7
"GO:0045103","intermediate filament-based process","10/472","97/18860",0.103092783505155,4.11934300192207,4.93470212275975,0.000157579480674518,0.00677728977398536,0.00540588004201513,"BFSP2/KRT5/KRT15/DST/KRT6C/KRT16/KRT6B/KRT17/KRT13/KRT72",10
"GO:0032963","collagen metabolic process","11/472","116/18860",0.0948275862068965,3.78908533021625,4.82750508903253,0.000158961033122537,0.00677728977398536,0.00540588004201513,"MMP10/MMP12/MMP3/MMP1/MMP19/PRSS2/ERRFI1/MMP7/MMP11/IL6/ADAMTS14",11
"GO:0009914","hormone transport","21/472","343/18860",0.0612244897959184,2.44638533379453,4.33120598172612,0.000162119315754557,0.00677728977398536,0.00540588004201513,"APLN/RIMS2/CD38/ADCY8/EDN1/CAMP/GAL/FGA/P2RY1/CHRM3/NOS2/SLCO4A1/SCG5/NMU/IL6/SPP1/CRYM/TNFSF11/TUBB1/F2RL2/PTPRN2",21
"GO:0048545","response to steroid hormone","21/472","343/18860",0.0612244897959184,2.44638533379453,4.33120598172612,0.000162119315754557,0.00677728977398536,0.00540588004201513,"SERPINF1/HMGCS2/FOS/DUSP1/IGF1/CD38/EDN1/SRD5A2/NR4A3/STC1/DEFA3/ZFP36/FOSB/ERRFI1/ESR2/CLDN1/IL6/SPP1/FAM107A/PER1/JUNB",21
"GO:0002158","osteoclast proliferation","4/472","12/18860",0.333333333333333,13.319209039548,6.83917778107122,0.000163429022719722,0.00677728977398536,0.00540588004201513,"NPR3/GREM1/TNFSF11/JUNB",4
"GO:0060560","developmental growth involved in morphogenesis","17/472","246/18860",0.0691056910569106,2.76129943502825,4.45496171943114,0.000163765005788884,0.00677728977398536,0.00540588004201513,"CRABP2/BDNF/RIMS2/TNC/SH3GL2/EDN1/CPNE5/DCLK1/WNT3A/CCL11/SEMA3G/VEGFA/SPP1/SIX1/SFRP2/SPAG6/SIX4",17
"GO:0046887","positive regulation of hormone secretion","13/472","157/18860",0.0828025477707006,3.30859332829537,4.6537677700198,0.000165141795734951,0.00677728977398536,0.00540588004201513,"APLN/CD38/ADCY8/EDN1/CAMP/GAL/FGA/P2RY1/CHRM3/NMU/SPP1/TNFSF11/F2RL2",13
"GO:0050714","positive regulation of protein secretion","13/472","158/18860",0.0822784810126582,3.28765286419223,4.62634187682463,0.000175936048502266,0.00715017766049015,0.00570331268113631,"IGF1/ANKRD1/CD38/ADCY8/IL13/CAMP/FGA/CHRM3/KCNN4/NMU/IL1A/PLA2G1B/F2RL2",13
"GO:0042119","neutrophil activation","7/472","48/18860",0.145833333333333,5.82715395480226,5.36484730947102,0.000178223621930194,0.00717350078269031,0.00572191628302202,"ANXA3/CTSG/CXCL6/FCAR/CAMP/CD177/PLA2G2A",7
"GO:0001578","microtubule bundle formation","12/472","138/18860",0.0869565217391304,3.47457627118644,4.67441588243773,0.000185002842757072,0.00737544666458196,0.00588299766642039,"RSPH1/KIF20A/SPAG17/NCKAP5/HYDIN/DNAAF1/DNAH5/DNAH17/SPAG6/DNAH12/DNAH2/CCDC39",12
"GO:0002040","sprouting angiogenesis","15/472","203/18860",0.0738916256157636,2.95253402354513,4.48114302517346,0.000190273201728952,0.0075139964380886,0.00599351137918803,"FUT1/KLF2/ESM1/KLF4/E2F8/TEK/DLL4/GREM1/VEGFA/RAMP2/SEMA3E/SEMA6A/PTGS2/ACVRL1/CDH13",15
"GO:0007599","hemostasis","17/472","250/18860",0.068,2.7171186440678,4.37885136191959,0.000198471749891822,0.00766630819106308,0.00611500228381625,"ANGPTL7/CTSG/SLC6A4/EDN1/FGA/P2RY1/WNT3A/IL6/SERPINE1/TUBB1/COMP/SAA1/HTR2A/PF4/COL3A1/F5/F2RL2",17
"GO:0015908","fatty acid transport","11/472","119/18860",0.092436974789916,3.69356217063096,4.72244802098525,0.000199389114256952,0.00766630819106308,0.00611500228381625,"CRABP2/SLC27A2/EDN1/PLA2G2A/SLC27A6/NOS2/SLCO4A1/RBP2/TNFSF11/PLA2G1B/PTGS2",11
"GO:0071216","cellular response to biotic stimulus","18/472","274/18860",0.0656934306569343,2.62495360633428,4.34096578797518,0.000199624365223573,0.00766630819106308,0.00611500228381625,"HMGCS2/CXCL13/CTSG/CXCL6/ANKRD1/MMP3/NLRP7/LCN2/FCAR/CAMP/CD180/ZFP36/CSF3/NOS2/IL6/IL1A/SERPINE1/PF4",18
"GO:0001570","vasculogenesis","9/472","82/18860",0.109756097560976,4.38559322033898,4.92243644118043,0.00020728768645466,0.00781717347296582,0.00623533941616104,"EMP2/WT1/FOXF1/TMEM100/WNT7A/VEGFA/RAMP2/JUNB/HEY1",9
"GO:0071277","cellular response to calcium ion","9/472","82/18860",0.109756097560976,4.38559322033898,4.92243644118043,0.00020728768645466,0.00781717347296582,0.00623533941616104,"FOS/DPEP1/ADCY8/EDN1/CPNE4/CHP2/CPNE5/FOSB/JUNB",9
"GO:0048732","gland development","25/472","454/18860",0.0550660792951542,2.20030986336146,4.14767457507469,0.000210959592884076,0.00788461478404234,0.00628913372770949,"SERPINF1/WNT10A/HMGCS2/APLN/WT1/FOXF1/IGF1/SOSTDC1/TNC/EDN1/E2F8/WNT3A/SOX2/RXFP1/ERRFI1/DNAAF1/CLDN1/CCL11/VEGFA/IL6/SIX1/TNFSF11/TUBB1/SIX4/CCDC39",25
"GO:0043409","negative regulation of MAPK cascade","14/472","183/18860",0.0765027322404372,3.05686764842086,4.47962247502844,0.000215789484265312,0.00799375912508491,0.00637619230637698,"DUSP1/IGF1/SH3GL2/KLF4/ATF3/ERRFI1/PTPRR/SERPINB3/PSCA/PER1/SEMA6A/SPRY4/DUSP2/PBK",14
"GO:1901224","positive regulation of non-canonical NF-kappaB signal transduction","8/472","66/18860",0.121212121212121,4.84334874165383,5.01112495514326,0.000233337774599737,0.00856799933749559,0.0068342328811668,"CCL19/EDN1/LRRC19/GREM1/CD27/AGER/TNFSF11/RTKN2",8
"GO:0003007","heart morphogenesis","18/472","278/18860",0.0647482014388489,2.58718448969638,4.27136478612074,0.000238484260889044,0.00860599238001327,0.00686453789056305,"EMP2/FOXF1/NDRG4/TMEM100/ANKRD1/TNNC1/EDN1/SYNPO2L/TEK/WNT3A/DLL4/DNAAF1/VEGFA/SIX1/SFRP2/ACVRL1/CCDC39/HEY1",18
"GO:0048762","mesenchymal cell differentiation","18/472","278/18860",0.0647482014388489,2.58718448969638,4.27136478612074,0.000238484260889044,0.00860599238001327,0.00686453789056305,"WNT10A/EMP2/IGF1/TMEM100/RET/EDN1/FAM83D/CDH2/GREM1/SERPINB3/SEMA3G/VEGFA/IL6/SIX1/SFRP2/SEMA3E/SEMA6A/HEY1",18
"GO:0002385","mucosal immune response","6/472","36/18860",0.166666666666667,6.65960451977401,5.44558398125301,0.000245006371904791,0.0087657835281492,0.00699199470699053,"BPIFB1/CAMP/DEFA3/CD160/NOS2/PLA2G1B",6
"GO:0070373","negative regulation of ERK1 and ERK2 cascade","9/472","84/18860",0.107142857142857,4.28117433414044,4.82870298396588,0.000249189503406447,0.00882031477382706,0.00703549135277477,"DUSP1/IGF1/KLF4/ATF3/ERRFI1/PTPRR/PSCA/SEMA6A/SPRY4",9
"GO:0002274","myeloid leukocyte activation","17/472","255/18860",0.0666666666666667,2.6638418079096,4.28578487494871,0.00025074473437301,0.00882031477382706,0.00703549135277477,"FOXF1/ANXA3/CTSG/CXCL6/FCAR/IRF4/IL13/CAMP/CD177/NR4A3/DHRS2/PLA2G2A/IL1RL1/IL6/S100A12/IL13RA2/AGER",17
"GO:0043588","skin development","20/472","329/18860",0.060790273556231,2.42903508320025,4.18942571343607,0.000253220603548905,0.0088330620218338,0.00704565914785043,"WNT10A/SOSTDC1/SPRR1B/KRT5/KLF4/COL5A2/SPRR1A/IVL/KRT6C/GAL/KRT16/ZFP36/ERRFI1/CDH3/CLDN1/KRT6B/KRT17/COMP/COL3A1/KRT72",20
"GO:0071248","cellular response to metal ion","14/472","186/18860",0.0752688172043011,3.00756333151084,4.40828974235285,0.000255327401968918,0.0088330620218338,0.00704565914785043,"SERPINF1/FOS/DLG2/DPEP1/ADCY8/EDN1/SLC1A1/CPNE4/CHP2/CPNE5/FOSB/CLDN1/MT1M/JUNB",14
"GO:0051592","response to calcium ion","12/472","143/18860",0.0839160839160839,3.35308759037573,4.52533853789524,0.000258007268942671,0.00885261006388542,0.00706125157106258,"FOS/DUSP1/DPEP1/ADCY8/EDN1/CPNE4/CHP2/CPNE5/FGA/FOSB/KCNMB4/JUNB",12
"GO:0002443","leukocyte mediated immunity","26/472","488/18860",0.0532786885245902,2.12888996943595,4.04805485399243,0.000265253386137906,0.00902724125506726,0.00720054549276369,"EMP2/CD19/FOXF1/IGLL1/ANXA3/DAO/CTSG/PRF1/CLEC4G/CXCL6/FCAR/IL13/CD177/NR4A3/SH2D1B/CD160/CD1A/CD27/SERPINB4/NOS2/IL6/IL13RA2/C6/AGER/PLA2G1B/SLAMF7",26
"GO:0002227","innate immune response in mucosa","5/472","24/18860",0.208333333333333,8.32450564971752,5.75244771969577,0.000275569856998632,0.00930270501126027,0.00742026813582055,"BPIFB1/CAMP/DEFA3/NOS2/PLA2G1B",5
"GO:2000352","negative regulation of endothelial cell apoptotic process","6/472","37/18860",0.162162162162162,6.47961520842877,5.3452692388323,0.00028631233998883,0.00952974497154456,0.00760136571774067,"FUT1/IL13/TEK/FGA/RAMP2/SERPINE1",6
"GO:0061448","connective tissue development","19/472","307/18860",0.0618892508143322,2.47294760669133,4.16881378826437,0.000286848510849167,0.00952974497154456,0.00760136571774067,"MATN3/HMGCS2/ZBTB16/WT1/CHRDL2/IGF1/EGR1/EDN1/WNT7A/STC1/GREM1/RXFP1/ERRFI1/SFRP2/COMP/SLC25A25/COL3A1/MYCN/ACVRL1",19
"GO:0050890","cognition","20/472","333/18860",0.0600600600600601,2.39985748460325,4.12920525820685,0.00029633904797835,0.00976752169163285,0.00779102743628119,"SERPINF1/FOS/NDRG4/SLC6A4/LCN2/ADCY8/SLC1A1/AFF2/GRIA1/LRRN4/ARC/CCL11/NPTX2/FAM107A/AGER/MME/KCTD16/GPR158/HTR2A/GRIN2A",20
"GO:0007611","learning or memory","18/472","284/18860",0.0633802816901408,2.53252566244927,4.16921130264743,0.000309125364257606,0.010109365427987,0.00806369782421979,"SERPINF1/FOS/NDRG4/SLC6A4/LCN2/ADCY8/SLC1A1/AFF2/GRIA1/LRRN4/ARC/CCL11/NPTX2/AGER/MME/KCTD16/HTR2A/GRIN2A",18
"GO:0007567","parturition","4/472","14/18860",0.285714285714286,11.4164648910412,6.24651605969141,0.000317584927699999,0.01022623467194,0.00815691814303155,"MAFF/EDN1/RXFP1/HPGD",4
"GO:0042447","hormone catabolic process","4/472","14/18860",0.285714285714286,11.4164648910412,6.24651605969141,0.000317584927699999,0.01022623467194,0.00815691814303155,"HSD17B6/DIO2/SPP1/MME",4
"GO:0030307","positive regulation of cell growth","13/472","168/18860",0.0773809523809524,3.09195924132365,4.36358113416409,0.000321699882870446,0.010279661906074,0.00819953417810411,"CRABP2/BDNF/IGF1/RIMS2/CD38/EDN1/PRSS2/CPNE5/WNT3A/VEGFA/SFRP2/KRT17/HBEGF",13
"GO:0002688","regulation of leukocyte chemotaxis","11/472","126/18860",0.0873015873015873,3.48836427226258,4.49000736928064,0.000328684092706334,0.0103101228879844,0.00822383126730365,"DUSP1/CXCL13/CCL19/EDN1/GREM1/VEGFA/IL6/CCL7/DAPK2/SERPINE1/THBS4",11
"GO:1905332","positive regulation of morphogenesis of an epithelium","6/472","38/18860",0.157894736842105,6.30909901873327,5.24859208459501,0.000332889973197526,0.0103101228879844,0.00822383126730365,"LCN2/GREM1/AGTR2/VEGFA/SIX1/SIX4",6
"GO:0045766","positive regulation of angiogenesis","14/472","191/18860",0.0732984293193717,2.92883130712574,4.29253143561598,0.000335079375651911,0.0103101228879844,0.00822383126730365,"EMP2/FUT1/ANXA3/CAMP/KLF4/TEK/GREM1/CCL11/VEGFA/IL1A/SFRP2/RAMP2/SERPINE1/ACVRL1",14
"GO:0050920","regulation of chemotaxis","15/472","214/18860",0.0700934579439252,2.80076825597972,4.24458226428091,0.000336437411934584,0.0103101228879844,0.00822383126730365,"DUSP1/CXCL13/CCL19/EDN1/WNT3A/GREM1/VEGFA/IL6/CCL7/AGER/DAPK2/SERPINE1/THBS4/TUBB2B/CDH13",15
"GO:0046697","decidualization","5/472","25/18860",0.2,7.99152542372881,5.6043108420526,0.000337431159974644,0.0103101228879844,0.00822383126730365,"STC1/STC2/SPP1/JUNB/PTGS2",5
"GO:0072677","eosinophil migration","5/472","25/18860",0.2,7.99152542372881,5.6043108420526,0.000337431159974644,0.0103101228879844,0.00822383126730365,"CCL19/CCL11/CCL7/DAPK2/CCL13",5
"GO:0035082","axoneme assembly","10/472","107/18860",0.0934579439252336,3.73435767463963,4.54438290043319,0.000352719000982946,0.010699143029816,0.00853413174002979,"RSPH1/SPAG17/HYDIN/DNAAF1/DNAH5/DNAH17/SPAG6/DNAH12/DNAH2/CCDC39",10
"GO:0035592","establishment of protein localization to extracellular region","22/472","391/18860",0.0562659846547315,2.24825523429711,3.99607072404136,0.000372413890677139,0.0112152845062914,0.00894583007366818,"IGF1/PRF1/RIMS2/ANKRD1/CD38/ADCY8/IL13/CAMP/GAL/FGA/CHRM3/NOS2/KCNN4/NMU/IL6/IL1A/PLA2G1B/COMP/SAA1/LRRC32/F2RL2/PTPRN2",22
"GO:1903305","regulation of regulated secretory pathway","11/472","128/18860",0.0859375,3.43385858050847,4.4266107281639,0.000376521012750732,0.0112579782812469,0.00897988460485205,"FOXF1/RIMS2/IL13/WNT7A/CD177/CD160/SYT8/P2RY1/PPFIA2/SYT12/IL13RA2",11
"GO:0007566","embryo implantation","8/472","71/18860",0.112676056338028,4.50226784435426,4.73685160992913,0.000387658094623406,0.0115087715183942,0.00917992889992867,"EMP2/FBN2/STC1/STC2/ERRFI1/VEGFA/SPP1/PTGS2",8
"GO:0043410","positive regulation of MAPK cascade","25/472","474/18860",0.0527426160337553,2.10746978473861,3.9123753243727,0.000402400448470319,0.0117837423823107,0.00939925838928998,"RAMP3/CCL19/IGF1/NDRG4/ADRB2/RET/EDN1/WNT7A/PLA2G2A/TEK/FGA/P2RY1/CDH2/SOX2/DOK5/CD27/KL/VEGFA/IL6/S100A12/AGER/TNFSF11/PLA2G1B/GADD45B/HTR2A",25
"GO:0046683","response to organophosphorus","11/472","129/18860",0.0852713178294574,3.40723952174484,4.39538336540725,0.000402550205606886,0.0117837423823107,0.00939925838928998,"HMGCS2/FOS/DUSP1/WT1/SLC6A4/MMP19/STC1/P2RY1/FOSB/ERRFI1/PER1",11
"GO:0060343","trabecula formation","5/472","26/18860",0.192307692307692,7.68415906127771,5.46418316761558,0.000409249609230929,0.011820019585654,0.00942819476593523,"FBN2/TEK/GREM1/VEGFA/HEY1",5
"GO:0050829","defense response to Gram-negative bacterium","10/472","109/18860",0.0917431192660551,3.66583735033432,4.47195847861799,0.000409436894390788,0.011820019585654,0.00942819476593523,"DAO/CTSG/CXCL6/CAMP/DEFA3/CD160/NOS2/MMP7/IL6/SERPINE1",10
"GO:1904018","positive regulation of vasculature development","14/472","195/18860",0.0717948717948718,2.86875271621034,4.20260165776753,0.000413407156637938,0.0118528928608658,0.00945441601193611,"EMP2/FUT1/ANXA3/CAMP/KLF4/TEK/GREM1/CCL11/VEGFA/IL1A/SFRP2/RAMP2/SERPINE1/ACVRL1",14
"GO:0014745","negative regulation of muscle adaptation","4/472","15/18860",0.266666666666667,10.6553672316384,5.99348519705101,0.000424541711878509,0.0120893306525404,0.00964300973919534,"APLN/MLIP/KLF4/ERRFI1",4
"GO:0007411","axon guidance","16/472","243/18860",0.065843621399177,2.63095487200949,4.09971166741804,0.0004335411581862,0.0122621843795097,0.00978088587316234,"BDNF/RET/EDN1/GAP43/NR4A3/ROBO4/EPHA10/WNT3A/SEMA3G/VEGFA/TUBB3/IGSF9/SEMA3E/SEMA6A/TUBB2B/EFNB3",16
"GO:0006939","smooth muscle contraction","10/472","110/18860",0.0909090909090909,3.63251155624037,4.43638343400597,0.000440521858544053,0.0123760033548014,0.00987167315649408,"ADRB2/CHRM2/CD38/NMUR1/EDN1/CHRM3/NMU/COMP/HTR2A/PROK2",10
"GO:0097485","neuron projection guidance","16/472","244/18860",0.0655737704918033,2.62017227007502,4.08108842586589,0.000453544476955623,0.0126448593630657,0.0100861251539328,"BDNF/RET/EDN1/GAP43/NR4A3/ROBO4/EPHA10/WNT3A/SEMA3G/VEGFA/TUBB3/IGSF9/SEMA3E/SEMA6A/TUBB2B/EFNB3",16
"GO:0007565","female pregnancy","14/472","197/18860",0.0710659898477157,2.83962832315237,4.15848897569165,0.000458105143390141,0.0126448593630657,0.0100861251539328,"FOS/EMP2/CD38/FBN2/PNOC/STC1/STC2/FOSB/ERRFI1/VEGFA/SPP1/JUNB/PTGS2/HPGD",14
"GO:0001952","regulation of cell-matrix adhesion","11/472","131/18860",0.083969465648855,3.35522059774874,4.3338415187847,0.000459153995027709,0.0126448593630657,0.0100861251539328,"EMP2/FUT1/MMP12/TEK/GREM1/VEGFA/FAM107A/SEMA3E/SERPINE1/ACVRL1/CDH13",11
"GO:0036230","granulocyte activation","7/472","56/18860",0.125,4.99470338983051,4.79641234820946,0.00047270596282736,0.0127089393091853,0.0101372382851952,"ANXA3/CTSG/CXCL6/FCAR/CAMP/CD177/PLA2G2A",7
"GO:0071385","cellular response to glucocorticoid stimulus","7/472","56/18860",0.125,4.99470338983051,4.79641234820946,0.00047270596282736,0.0127089393091853,0.0101372382851952,"SERPINF1/HMGCS2/EDN1/STC1/ZFP36/ERRFI1/FAM107A",7
"GO:1902895","positive regulation of miRNA transcription","7/472","56/18860",0.125,4.99470338983051,4.79641234820946,0.00047270596282736,0.0127089393091853,0.0101372382851952,"FOS/APLN/WT1/EGR1/KLF4/IL6/MYCN",7
"GO:0071692","protein localization to extracellular region","22/472","398/18860",0.0552763819095477,2.20871305680947,3.90470706508797,0.000473625067423056,0.0127089393091853,0.0101372382851952,"IGF1/PRF1/RIMS2/ANKRD1/CD38/ADCY8/FBN2/IL13/CAMP/GAL/FGA/CHRM3/NOS2/KCNN4/NMU/IL6/IL1A/PLA2G1B/COMP/SAA1/F2RL2/PTPRN2",22
"GO:0050679","positive regulation of epithelial cell proliferation","15/472","222/18860",0.0675675675675676,2.69983967017865,4.08176385870781,0.000495806830393124,0.0131392954260042,0.0104805102449985,"APLN/IGF1/MMP12/WNT7A/NR4A3/TEK/WNT3A/CDH3/CLDN1/CCL11/VEGFA/THBS4/MYCN/ACVRL1/CDH13",15
"GO:0007160","cell-matrix adhesion","16/472","246/18860",0.0650406504065041,2.59887005649718,4.04411921924302,0.000495940916700589,0.0131392954260042,0.0104805102449985,"EMP2/FUT1/MMP12/TEK/FGA/PPFIA2/GREM1/COL17A1/VEGFA/FAM107A/SEMA3E/SERPINE1/MUC4/COL3A1/ACVRL1/CDH13",16
"GO:0031960","response to corticosteroid","12/472","154/18860",0.0779220779220779,3.11358133392032,4.21941208346061,0.000508065267156896,0.0133758566560929,0.0106692024324507,"SERPINF1/HMGCS2/FOS/DUSP1/EDN1/STC1/ZFP36/FOSB/ERRFI1/CLDN1/IL6/FAM107A",12
"GO:0001503","ossification","24/472","455/18860",0.0527472527472527,2.1076550568076,3.8318226834,0.000521902360621463,0.013654270509759,0.0108912782098111,"ZBTB16/CTHRC1/CHRDL2/IGF1/ADRB2/TNC/FBN2/ASPN/NELL1/LRRC17/CYP24A1/STC1/WNT3A/SOX2/GREM1/KL/PTPRB/VEGFA/IL6/SPP1/SFRP2/TNFSF11/JUNB/COMP",24
"GO:2001212","regulation of vasculogenesis","4/472","16/18860",0.25,9.98940677966102,5.76325132390528,0.000554917462929746,0.0144278540361734,0.0115083242393799,"EMP2/TMEM100/RAMP2/HEY1",4
"GO:1902893","regulation of miRNA transcription","8/472","75/18860",0.106666666666667,4.26214689265537,4.53514970027175,0.000563547601611165,0.0145617917305206,0.0116151591443185,"FOS/APLN/WT1/EGR1/KLF4/VEGFA/IL6/MYCN",8
"GO:0070286","axonemal dynein complex assembly","6/472","42/18860",0.142857142857143,5.70823244552058,4.89394282157141,0.000581362887900244,0.0149233071942117,0.0119035206125781,"DNAAF1/DNAH5/DNAH17/DNAH12/DNAH2/CCDC39",6
"GO:0015732","prostaglandin transport","5/472","28/18860",0.178571428571429,7.13529055690073,5.20509918969426,0.000586778847035121,0.0149233071942117,0.0119035206125781,"EDN1/NOS2/SLCO4A1/TNFSF11/PTGS2",5
"GO:0071466","cellular response to xenobiotic stimulus","14/472","202/18860",0.0693069306930693,2.76934049337137,4.05058396682286,0.000588233561166967,0.0149233071942117,0.0119035206125781,"FUT1/FMO1/ANKRD1/ALDH3A1/EDN1/SLC28A3/CYP3A7/NOS2/UGT1A6/S100A12/CYP3A5/CYP2F1/GSTA5/CDH13",14
"GO:0001704","formation of primary germ layer","11/472","135/18860",0.0814814814814815,3.25580665411174,4.21425612302555,0.000592484408074982,0.0149406007963968,0.0119173147901956,"DUSP1/FOXF1/COL7A1/NR4A3/SOX7/KLF4/COL5A2/WNT3A/SOX2/SFRP2/DUSP2",11
"GO:0061614","miRNA transcription","8/472","76/18860",0.105263157894737,4.20606601248885,4.48691971344823,0.000616317073058258,0.0154485225618076,0.0123224567018014,"FOS/APLN/WT1/EGR1/KLF4/VEGFA/IL6/MYCN",8
"GO:0050850","positive regulation of calcium-mediated signaling","7/472","59/18860",0.11864406779661,4.74073542085608,4.61058045754093,0.000652025806635996,0.0162463096820136,0.012958808638154,"PCP4/RAMP3/IGF1/NMUR1/EDN1/CHP2/CDH13",7
"GO:0033280","response to vitamin D","6/472","43/18860",0.13953488372093,5.57548285376429,4.81237043004817,0.000661550849478964,0.0163861056563251,0.0130703163783698,"TNC/CYP24A1/STC1/STC2/KL/SPP1",6
"GO:0070527","platelet aggregation","8/472","77/18860",0.103896103896104,4.15144177856042,4.43951219717325,0.000673004224693028,0.0165717393209707,0.0132183863822061,"CTSG/SLC6A4/FGA/WNT3A/IL6/TUBB1/COMP/HTR2A",8
"GO:0032310","prostaglandin secretion","4/472","17/18860",0.235294117647059,9.40179461615155,5.55244901760514,0.000711394761645848,0.0171950725930476,0.0137155858538857,"EDN1/NOS2/TNFSF11/PTGS2",4
"GO:0043278","response to morphine","4/472","17/18860",0.235294117647059,9.40179461615155,5.55244901760514,0.000711394761645848,0.0171950725930476,0.0137155858538857,"ADCY8/SLC1A1/GRIA1/FOSB",4
"GO:0072224","metanephric glomerulus development","4/472","17/18860",0.235294117647059,9.40179461615155,5.55244901760514,0.000711394761645848,0.0171950725930476,0.0137155858538857,"WT1/RET/EGR1/AGTR2",4
"GO:0001890","placenta development","12/472","160/18860",0.075,2.9968220338983,4.06388706399234,0.000714749792448707,0.0171950725930476,0.0137155858538857,"SOCS3/FBN2/STC1/GJB5/E2F8/STC2/PCDH12/SPP1/JUNB/PTGS2/MME/HEY1",12
"GO:0002690","positive regulation of leukocyte chemotaxis","9/472","97/18860",0.0927835051546392,3.70740870172986,4.28303506840136,0.000727172360524932,0.0173939628637564,0.0138742299403614,"CXCL13/CCL19/EDN1/VEGFA/IL6/CCL7/DAPK2/SERPINE1/THBS4",9
"GO:0009913","epidermal cell differentiation","16/472","255/18860",0.0627450980392157,2.50714523097374,3.88216007348295,0.000731455238807926,0.0173969978957385,0.0138766508223609,"MAFF/SULT2B1/SPRR1B/KRT5/KLF4/SPRR1A/IVL/KRT6C/KRT16/ZFP36/ERRFI1/CDH3/KRT6B/KRT17/MYCN/KRT72",16
"GO:0032309","icosanoid secretion","6/472","44/18860",0.136363636363636,5.44876733436055,4.73331558595979,0.000750042721562772,0.0177382984884845,0.0141488879738157,"EDN1/PLA2G2A/NOS2/TNFSF11/PLA2G1B/PTGS2",6
"GO:1901654","response to ketone","15/472","232/18860",0.0646551724137931,2.58346727060199,3.88806083029503,0.000782158371152168,0.0183809253444691,0.014661476901113,"SERPINF1/HMGCS2/FOS/DUSP1/CCL19/TNC/CD38/ADCY8/EDN1/SRD5A2/FOSB/ERRFI1/CLDN1/SPP1/F5",15
"GO:0001658","branching involved in ureteric bud morphogenesis","7/472","61/18860",0.114754098360656,4.58530147263129,4.49351613124213,0.000798857727940111,0.0183809253444691,0.014661476901113,"WT1/ADAMTS16/GREM1/AGTR2/VEGFA/SIX1/SIX4",7
"GO:0071715","icosanoid transport","7/472","61/18860",0.114754098360656,4.58530147263129,4.49351613124213,0.000798857727940111,0.0183809253444691,0.014661476901113,"EDN1/PLA2G2A/NOS2/SLCO4A1/TNFSF11/PLA2G1B/PTGS2",7
"GO:1904645","response to amyloid-beta","7/472","61/18860",0.114754098360656,4.58530147263129,4.49351613124213,0.000798857727940111,0.0183809253444691,0.014661476901113,"RAMP3/IGF1/ADRB2/MMP12/MMP3/LCN2/AGER",7
"GO:0001558","regulation of cell growth","22/472","414/18860",0.0531400966183575,2.12335216572505,3.70278143304407,0.000799170667150832,0.0183809253444691,0.014661476901113,"CRABP2/WT1/BDNF/IGF1/RIMS2/TNC/CD38/EDN1/COL14A1/PRSS2/CPNE5/WNT3A/ESR2/AGTR2/SEMA3G/VEGFA/SPP1/SFRP2/FAM107A/KRT17/HBEGF/ACVRL1",22
"GO:0060840","artery development","10/472","119/18860",0.0840336134453782,3.35778379148269,4.13374954601115,0.000819087128916182,0.0187360585882139,0.0149447476153128,"FOXF1/EDN1/DLL4/VEGFA/SIX1/COMP/HPGD/COL3A1/ACVRL1/HEY1",10
"GO:0009306","protein secretion","21/472","388/18860",0.0541237113402062,2.16265507600909,3.70742929179215,0.000827719033795452,0.0188306080188465,0.0150201646178443,"IGF1/PRF1/RIMS2/ANKRD1/CD38/ADCY8/IL13/CAMP/GAL/FGA/CHRM3/NOS2/KCNN4/NMU/IL6/IL1A/PLA2G1B/COMP/SAA1/F2RL2/PTPRN2",21
"GO:0016049","cell growth","25/472","499/18860",0.0501002004008016,2.00188512618457,3.63398490290796,0.00084524269882692,0.019125329390754,0.015255248026623,"CRABP2/WT1/BDNF/IGF1/RIMS2/TNC/CD38/SH3GL2/EDN1/COL14A1/PRSS2/CPNE5/DCLK1/WNT3A/ESR2/AGTR2/SEMA3G/VEGFA/SPP1/SFRP2/FAM107A/KRT17/HBEGF/SPAG6/ACVRL1",25
"GO:0071674","mononuclear cell migration","15/472","235/18860",0.0638297872340425,2.55048683736026,3.83192461058925,0.000891551053267047,0.0200646919837412,0.0160045271135431,"DUSP1/CXCL13/CCL19/CTSG/RET/GREM1/CXCR1/IL6/S100A12/CCL7/AGER/TNFSF11/SERPINE1/SAA1/PF4",15
"GO:0014072","response to isoquinoline alkaloid","4/472","18/18860",0.222222222222222,8.87947269303202,5.35837358944757,0.000896683713914755,0.0200722889114822,0.0160105867747684,"ADCY8/SLC1A1/GRIA1/FOSB",4
"GO:0046651","lymphocyte proliferation","18/472","312/18860",0.0576923076923077,2.30524771838331,3.72464407530106,0.000932559729743728,0.0207643352590811,0.0165625949761876,"EMP2/CD19/CCL19/IGF1/CLEC4G/CD38/IL13/CD180/PLA2G2A/HHLA2/GAL/WNT3A/VTCN1/IL6/IL1A/MZB1/AGER/LRRC32",18
"GO:0003401","axis elongation","5/472","31/18860",0.161290322580645,6.44477856752324,4.86083101733721,0.000953774272302874,0.0210231754967566,0.0167690579313782,"TNC/WNT3A/SIX1/SFRP2/SIX4",5
"GO:0071354","cellular response to interleukin-6","6/472","46/18860",0.130434782608696,5.21186440677966,4.58221865900936,0.000954229179260331,0.0210231754967566,0.0167690579313782,"PTPRT/LCN2/SOCS3/FCAR/CAMP/IL6",6
"GO:0071695","anatomical structure maturation","17/472","287/18860",0.0592334494773519,2.36682808716707,3.73832362749862,0.000960733036244015,0.0210556465430233,0.0167949583409535,"ZBTB16/KLF2/CCL19/NR4A2/IGF1/BFSP2/RET/SPINK1/EDN1/BNC1/GAL/GREM1/CDH3/RND1/VEGFA/ACVRL1/CCDC39",17
"GO:0033555","multicellular organismal response to stress","9/472","101/18860",0.0891089108910891,3.56058063433462,4.1338754142383,0.000973429158811007,0.0212227836394941,0.0169282746258142,"HMGCS2/NR4A2/RET/SLC1A1/GRIA1/ANKFN1/LYPD1/THBS4/KCTD16",9
"GO:0017157","regulation of exocytosis","13/472","189/18860",0.0687830687830688,2.74840821450991,3.8703748852752,0.000979385109739616,0.0212420003594302,0.0169436027711702,"FOXF1/RIMS2/STXBP6/IL13/WNT7A/CD177/CD160/SYT8/FGA/P2RY1/PPFIA2/SYT12/IL13RA2",13
"GO:0007204","positive regulation of cytosolic calcium ion concentration","12/472","166/18860",0.072289156626506,2.88850316520319,3.91546840554251,0.000987579909206418,0.0213093273192684,0.0169973058708777,"CXCL13/CD38/ADCY8/EDN1/P2RY1/CXCR1/NMU/PLA2G1B/CXCR5/SAA1/HTR2A/PROK2",12
"GO:0043269","regulation of monoatomic ion transport","23/472","449/18860",0.0512249443207127,2.04682722434034,3.59685203236908,0.00100440609904676,0.0215612509262038,0.0171982518012217,"CD19/SIK1/ADRB2/SLN/SLC6A4/LCN2/DPP6/SPINK1/EDN1/IL13/GRIA1/STC1/GAL/P2RY1/STC2/KCNJ16/RGS9/KCNN4/PER1/PLA2G1B/FGF12/HTR2A/GRIN2A",23
"GO:0001101","response to acid chemical","11/472","144/18860",0.0763888888888889,3.05231873822976,3.96079732678997,0.00101329867079571,0.021641164469137,0.0172619945422342,"HMGCS2/FUT1/KLF2/MMP3/LCN2/EDN1/GRIA1/COL5A2/VEGFA/SIX1/COL3A1",11
"GO:1901343","negative regulation of vasculature development","12/472","167/18860",0.0718562874251497,2.87120673906424,3.89137950747805,0.00104053595003737,0.0221100684612002,0.0176360140716994,"SERPINF1/ANGPTL7/KLF2/KLF4/CD160/TEK/SEMA3E/SERPINE1/SEMA6A/THBS4/PF4/ISM1",12
"GO:1990806","ligand-gated ion channel signaling pathway","6/472","47/18860",0.127659574468085,5.10097367472052,4.50993169871346,0.00107110979308644,0.022558011674904,0.0179933143140783,"HTR3C/ADRB2/GRIA1/CHRM3/GRIN2A/F2RL2",6
"GO:0050921","positive regulation of chemotaxis","11/472","145/18860",0.0758620689655172,3.031268264173,3.93386498865005,0.00107239472606447,0.022558011674904,0.0179933143140783,"CXCL13/CCL19/EDN1/VEGFA/IL6/CCL7/AGER/DAPK2/SERPINE1/THBS4/CDH13",11
"GO:0022409","positive regulation of cell-cell adhesion","19/472","343/18860",0.0553935860058309,2.21339625438553,3.63351936196088,0.00110092961145664,0.0229767654820304,0.0183273317346042,"ZBTB16/CXCL13/CCL19/IGF1/CTSG/NR4A3/CD160/HHLA2/FGA/WNT3A/SOX2/CD27/VTCN1/IL6/IL1A/AGER/TNFSF11/HTR2A/EFNB3",19
"GO:0035914","skeletal muscle cell differentiation","8/472","83/18860",0.0963855421686747,3.85133755360425,4.17097569445617,0.00110763873747996,0.0229767654820304,0.0183273317346042,"MAFF/FOS/ANKRD1/EGR1/ATF3/WNT3A/SIX1/SIX4",8
"GO:0018149","peptide cross-linking","4/472","19/18860",0.210526315789474,8.4121320249777,5.17882283296827,0.00111350777987308,0.0229767654820304,0.0183273317346042,"SPRR1B/SPRR1A/IVL/COL3A1",4
"GO:0001823","mesonephros development","9/472","103/18860",0.087378640776699,3.49144314628929,4.06210351497992,0.00111974681278887,0.0229767654820304,0.0183273317346042,"ZBTB16/WT1/RET/ADAMTS16/GREM1/AGTR2/VEGFA/SIX1/SIX4",9
"GO:0034109","homotypic cell-cell adhesion","9/472","103/18860",0.087378640776699,3.49144314628929,4.06210351497992,0.00111974681278887,0.0229767654820304,0.0183273317346042,"CTSG/SLC6A4/FGA/WNT3A/IL6/TNFSF11/TUBB1/COMP/HTR2A",9
"GO:0002790","peptide secretion","16/472","266/18860",0.0601503759398496,2.40346629285077,3.69334156524805,0.00114322181705532,0.0232307112922018,0.0185298906678563,"APLN/RIMS2/CD38/ADCY8/EDN1/CAMP/GAL/FGA/CHRM3/NOS2/MMP7/NMU/IL6/TNFSF11/F2RL2/PTPRN2",16
"GO:0090257","regulation of muscle system process","16/472","266/18860",0.0601503759398496,2.40346629285077,3.69334156524805,0.00114322181705532,0.0232307112922018,0.0185298906678563,"APLN/IGF1/ADRB2/MLIP/CHRM2/SLN/TNNC1/EDN1/NPR3/NR4A3/STC1/KLF4/CHRM3/ERRFI1/NMU/PROK2",16
"GO:2000630","positive regulation of miRNA metabolic process","7/472","65/18860",0.107692307692308,4.30312907431551,4.27389787051262,0.00117023296860494,0.0236647111428999,0.0188760690384687,"FOS/APLN/WT1/EGR1/KLF4/IL6/MYCN",7
"GO:0031644","regulation of nervous system process","10/472","125/18860",0.08,3.19661016949153,3.94770080056816,0.00119611310211248,0.0237825925879836,0.0189700967357568,"IGF1/ADRB2/RIMS2/TMEM100/WNT7A/GRIA1/SMR3A/NMU/FGF12/GRIN2A",10
"GO:0008038","neuron recognition","6/472","48/18860",0.125,4.99470338983051,4.43967064935779,0.00119866496039447,0.0237825925879836,0.0189700967357568,"GAP43/ROBO4/PCDH12/CRTAC1/IGSF9/EFNB3",6
"GO:0061383","trabecula morphogenesis","6/472","48/18860",0.125,4.99470338983051,4.43967064935779,0.00119866496039447,0.0237825925879836,0.0189700967357568,"FBN2/TEK/DLL4/GREM1/VEGFA/HEY1",6
"GO:0032943","mononuclear cell proliferation","18/472","319/18860",0.0564263322884013,2.25466234525264,3.62091817509598,0.00119878811181666,0.0237825925879836,0.0189700967357568,"EMP2/CD19/CCL19/IGF1/CLEC4G/CD38/IL13/CD180/PLA2G2A/HHLA2/GAL/WNT3A/VTCN1/IL6/IL1A/MZB1/AGER/LRRC32",18
"GO:0001701","in utero embryonic development","22/472","429/18860",0.0512820512820513,2.04910908300739,3.52158297523977,0.00126500050814398,0.0249483657992098,0.0198999714122497,"MAFF/SALL4/FOXF1/KLF2/IGF1/TMEM100/SOCS3/EDN1/KLF4/GJB5/E2F8/WNT3A/PCDH12/PTPRR/VEGFA/C6/JUNB/DSC3/COL3A1/NECAB1/ACVRL1/HEY1",22
"GO:0060292","long-term synaptic depression","5/472","33/18860",0.151515151515152,6.05418592706728,4.65565408564096,0.00127867314383042,0.0249483657992098,0.0198999714122497,"CD38/ADCY8/GRIA1/ARC/AGER",5
"GO:2000463","positive regulation of excitatory postsynaptic potential","5/472","33/18860",0.151515151515152,6.05418592706728,4.65565408564096,0.00127867314383042,0.0249483657992098,0.0198999714122497,"ADRB2/RIMS2/WNT7A/GRIA1/GRIN2A",5
"GO:0071384","cellular response to corticosteroid stimulus","7/472","66/18860",0.106060606060606,4.2379301489471,4.22175390865454,0.00128139002552081,0.0249483657992098,0.0198999714122497,"SERPINF1/HMGCS2/EDN1/STC1/ZFP36/ERRFI1/FAM107A",7
"GO:0019233","sensory perception of pain","8/472","85/18860",0.0941176470588235,3.76071784646062,4.08699959596647,0.00129414362078863,0.0250800240584315,0.020004988134218,"TMEM100/PNOC/SMR3A/NMU/MME/HTR2A/GRIN2A/PROK2",8
"GO:0034112","positive regulation of homotypic cell-cell adhesion","4/472","20/18860",0.2,7.99152542372881,5.01198279951168,0.00136459073298462,0.0263233954298323,0.0209967586952569,"CTSG/IL6/TNFSF11/HTR2A",4
"GO:0006721","terpenoid metabolic process","9/472","106/18860",0.0849056603773585,3.39262871762072,3.95771366029081,0.00137209812512738,0.0263468016136846,0.0210154285509612,"HMGCS2/CRABP2/TTR/HSD17B6/ADH4/CYP3A7/RBP2/CYP3A5/AKR1B10",9
"GO:0050727","regulation of inflammatory response","23/472","460/18860",0.05,1.9978813559322,3.47145863645121,0.00138064360676478,0.0263898362461981,0.0210497549659115,"FOXF1/CASP12/IGF1/TNC/MMP3/NLRP7/SOCS3/IL13/PLA2G2A/KLF4/LRRC19/TEK/IL1RL1/IL6/S100A12/CCL7/AGER/TNFSF11/SERPINE1/PTGS2/SAA1/HTR2A/PBK",23
"GO:0060675","ureteric bud morphogenesis","7/472","67/18860",0.104477611940299,4.17467746015684,4.17063357443631,0.00140063752290466,0.0265297224926648,0.0211613347113769,"WT1/ADAMTS16/GREM1/AGTR2/VEGFA/SIX1/SIX4",7
"GO:2000351","regulation of endothelial cell apoptotic process","7/472","67/18860",0.104477611940299,4.17467746015684,4.17063357443631,0.00140063752290466,0.0265297224926648,0.0211613347113769,"FUT1/IL13/CD160/TEK/FGA/RAMP2/SERPINE1",7
"GO:0043434","response to peptide hormone","23/472","461/18860",0.0498915401301518,1.99354755689547,3.46023101727393,0.00142018223795831,0.0267787515679886,0.0213599718293208,"HMGCS2/FOS/FUT1/KLF2/NR4A2/IGF1/ADCY8/SOCS3/EGR1/EDN1/SRD5A2/GRIA1/NR4A3/PLA2G2A/KLF4/GAL/STC2/ERRFI1/KL/AGTR2/MZB1/PLA2G1B/COL3A1",23
"GO:0046883","regulation of hormone secretion","16/472","272/18860",0.0588235294117647,2.35044865403789,3.59425825195501,0.00144076518329532,0.0270450361312744,0.0215723727232133,"APLN/CD38/ADCY8/EDN1/CAMP/GAL/FGA/P2RY1/CHRM3/NOS2/SCG5/NMU/IL6/SPP1/TNFSF11/F2RL2",16
"GO:0070741","response to interleukin-6","6/472","50/18860",0.12,4.79491525423729,4.30482764834846,0.00148833372519904,0.027813236489657,0.0221851248887751,"PTPRT/LCN2/SOCS3/FCAR/CAMP/IL6",6
"GO:0001523","retinoid metabolic process","8/472","87/18860",0.0919540229885057,3.67426456263394,4.00553229555276,0.00150480976174917,0.0278722728437257,0.0222322150175517,"CRABP2/TTR/HSD17B6/ADH4/CYP3A7/RBP2/CYP3A5/AKR1B10",8
"GO:0042310","vasoconstriction","8/472","87/18860",0.0919540229885057,3.67426456263394,4.00553229555276,0.00150480976174917,0.0278722728437257,0.0222322150175517,"APLN/SLC6A4/CD38/EDN1/FGA/KCNMB4/COMP/HTR2A",8
"GO:0007162","negative regulation of cell adhesion","18/472","326/18860",0.0552147239263804,2.20624935010918,3.51985193602928,0.00152712773228829,0.0280604010216633,0.0223822747606598,"DUSP1/CTSG/MMP12/CLEC4G/TNC/PLA2G2A/KLF4/VTCN1/RND1/VEGFA/FAM107A/SEMA3E/SERPINE1/SEMA6A/SPRY4/LRRC32/ACVRL1/CDH13",18
"GO:0072171","mesonephric tubule morphogenesis","7/472","68/18860",0.102941176470588,4.1132851445663,4.12050016500722,0.0015283734909076,0.0280604010216633,0.0223822747606598,"WT1/ADAMTS16/GREM1/AGTR2/VEGFA/SIX1/SIX4",7
"GO:0001894","tissue homeostasis","16/472","275/18860",0.0581818181818182,2.32480739599384,3.54569104253576,0.00161245428866128,0.0292003359547508,0.0232915396304649,"ADRB2/CD38/SH3GL2/COL14A1/SLC1A1/ERRFI1/CDH3/CLDN1/VEGFA/IL6/SPP1/TNFSF11/MUC4/COMP/COL3A1/VSIG1",16
"GO:0060249","anatomical structure homeostasis","16/472","275/18860",0.0581818181818182,2.32480739599384,3.54569104253576,0.00161245428866128,0.0292003359547508,0.0232915396304649,"ADRB2/CD38/SH3GL2/COL14A1/SLC1A1/ERRFI1/CDH3/CLDN1/VEGFA/IL6/SPP1/TNFSF11/MUC4/COMP/COL3A1/VSIG1",16
"GO:0001660","fever generation","3/472","10/18860",0.3,11.9872881355932,5.5679832299096,0.00163929263004454,0.0292003359547508,0.0232915396304649,"IL1A/TNFSF11/PTGS2",3
"GO:0035907","dorsal aorta development","3/472","10/18860",0.3,11.9872881355932,5.5679832299096,0.00163929263004454,0.0292003359547508,0.0232915396304649,"DLL4/ACVRL1/HEY1",3
"GO:0060054","positive regulation of epithelial cell proliferation involved in wound healing","3/472","10/18860",0.3,11.9872881355932,5.5679832299096,0.00163929263004454,0.0292003359547508,0.0232915396304649,"MMP12/WNT7A/CLDN1",3
"GO:0060346","bone trabecula formation","3/472","10/18860",0.3,11.9872881355932,5.5679832299096,0.00163929263004454,0.0292003359547508,0.0232915396304649,"FBN2/GREM1/VEGFA",3
"GO:0072172","mesonephric tubule formation","3/472","10/18860",0.3,11.9872881355932,5.5679832299096,0.00163929263004454,0.0292003359547508,0.0232915396304649,"GREM1/SIX1/SIX4",3
"GO:0003002","regionalization","22/472","440/18860",0.05,1.9978813559322,3.3933098349682,0.0017401328672038,0.0307238511816618,0.0245067658984161,"ZBTB16/MEOX1/WT1/FOXF1/LEFTY2/NDRG4/SOSTDC1/HHIP/EDN1/WNT7A/ARC/WNT3A/DLL4/GREM1/DNAAF1/SIX1/SFRP2/ENKUR/DNAH5/ACVRL1/CCDC39/HEY1",22
"GO:2000628","regulation of miRNA metabolic process","8/472","89/18860",0.0898876404494382,3.5916968196534,3.92643648234154,0.00174178748870002,0.0307238511816618,0.0245067658984161,"FOS/APLN/WT1/EGR1/KLF4/VEGFA/IL6/MYCN",8
"GO:0036293","response to decreased oxygen levels","18/472","330/18860",0.0545454545454545,2.17950693374422,3.4632420068776,0.00174684103708445,0.0307238511816618,0.0245067658984161,"FOS/NR4A2/HIF3A/SLC6A4/ANKRD1/CD38/LCN2/EGR1/EDN1/SLC1A1/STC1/SOX2/STC2/NOS2/VEGFA/AGER/PTGS2/PDK1",18
"GO:0046879","hormone secretion","18/472","331/18860",0.054380664652568,2.17292232065134,3.44921558080307,0.00180575927892279,0.0316272315546895,0.0252273439010926,"APLN/RIMS2/CD38/ADCY8/EDN1/CAMP/GAL/FGA/P2RY1/CHRM3/NOS2/SCG5/NMU/IL6/SPP1/TNFSF11/F2RL2/PTPRN2",18
"GO:0140353","lipid export from cell","6/472","52/18860",0.115384615384615,4.61049543676662,4.17695932574749,0.00182843538018022,0.0318909604226434,0.0254377062540862,"EDN1/GAL/NOS2/SPP1/TNFSF11/PTGS2",6
"GO:0007492","endoderm development","8/472","90/18860",0.0888888888888889,3.55178907721281,3.88773786601415,0.00187083979035017,0.0323608899272967,0.025812543779864,"DUSP1/COL7A1/SOX7/COL5A2/ARC/SOX2/PAX9/DUSP2",8
"GO:0051591","response to cAMP","8/472","90/18860",0.0888888888888889,3.55178907721281,3.88773786601415,0.00187083979035017,0.0323608899272967,0.025812543779864,"HMGCS2/FOS/DUSP1/WT1/MMP19/STC1/FOSB/PER1",8
"GO:0001893","maternal placenta development","5/472","36/18860",0.138888888888889,5.54967043314501,4.37762256075522,0.00190998183917238,0.0325646879491023,0.0259751025157926,"STC1/STC2/SPP1/JUNB/PTGS2",5
"GO:0033687","osteoblast proliferation","5/472","36/18860",0.138888888888889,5.54967043314501,4.37762256075522,0.00190998183917238,0.0325646879491023,0.0259751025157926,"CTHRC1/NELL1/NPR3/GREM1/JUNB",5
"GO:0051873","killing by host of symbiont cells","5/472","36/18860",0.138888888888889,5.54967043314501,4.37762256075522,0.00190998183917238,0.0325646879491023,0.0259751025157926,"DAO/CTSG/CXCL6/CAMP/PF4",5
"GO:0007409","axonogenesis","23/472","472/18860",0.048728813559322,1.94708776213732,3.33854364904041,0.00192335524701617,0.0325646879491023,0.0259751025157926,"CRABP2/BDNF/NR4A2/RET/EDN1/SLITRK2/GAP43/WNT7A/NR4A3/ROBO4/DCLK1/EPHA10/WNT3A/CCK/SEMA3G/VEGFA/SPP1/TUBB3/IGSF9/SEMA3E/SEMA6A/TUBB2B/EFNB3",23
"GO:0060070","canonical Wnt signaling pathway","18/472","333/18860",0.0540540540540541,2.15987173614292,3.42131147234912,0.00192863692738927,0.0325646879491023,0.0259751025157926,"WNT10A/CTNND2/CTHRC1/NR4A2/SOSTDC1/EGR1/EDN1/WNT7A/KLF4/WNT3A/CDH2/SOX2/SHISA3/GREM1/CDH3/ASPM/TMEM88/SFRP2",18
"GO:0050670","regulation of lymphocyte proliferation","15/472","254/18860",0.0590551181102362,2.3597023888963,3.49540330555839,0.00192929828269884,0.0325646879491023,0.0259751025157926,"CCL19/IGF1/CLEC4G/CD38/IL13/PLA2G2A/HHLA2/GAL/WNT3A/VTCN1/IL6/IL1A/MZB1/AGER/LRRC32",15
"GO:0015718","monocarboxylic acid transport","12/472","180/18860",0.0666666666666667,2.6638418079096,3.5935437070398,0.00197226787840858,0.0327353160548198,0.026111203391226,"CRABP2/SLC27A2/EDN1/SLC10A4/PLA2G2A/SLC27A6/NOS2/SLCO4A1/RBP2/TNFSF11/PLA2G1B/PTGS2",12
"GO:0030216","keratinocyte differentiation","12/472","180/18860",0.0666666666666667,2.6638418079096,3.5935437070398,0.00197226787840858,0.0327353160548198,0.026111203391226,"SPRR1B/KRT5/SPRR1A/IVL/KRT6C/KRT16/ZFP36/ERRFI1/CDH3/KRT6B/KRT17/KRT72",12
"GO:0034104","negative regulation of tissue remodeling","4/472","22/18860",0.181818181818182,7.26502311248074,4.71063770194555,0.0019803591291016,0.0327353160548198,0.026111203391226,"CD38/GREM1/IL6/AGER",4
"GO:0048670","regulation of collateral sprouting","4/472","22/18860",0.181818181818182,7.26502311248074,4.71063770194555,0.0019803591291016,0.0327353160548198,0.026111203391226,"CRABP2/BDNF/WNT3A/SPP1",4
"GO:0042742","defense response to bacterium","19/472","361/18860",0.0526315789473684,2.10303300624442,3.39024484980747,0.00198042219765159,0.0327353160548198,0.026111203391226,"CXCL13/ANXA3/DAO/CTSG/CXCL6/LCN2/GNLY/WFDC2/CAMP/DEFA3/PLA2G2A/CD160/FGA/NOS2/MMP7/IL6/S100A12/SERPINE1/PLA2G1B",19
"GO:0016101","diterpenoid metabolic process","8/472","91/18860",0.0879120879120879,3.51275842801267,3.84958531855527,0.00200731675568235,0.0327353160548198,0.026111203391226,"CRABP2/TTR/HSD17B6/ADH4/CYP3A7/RBP2/CYP3A5/AKR1B10",8
"GO:0150076","neuroinflammatory response","8/472","91/18860",0.0879120879120879,3.51275842801267,3.84958531855527,0.00200731675568235,0.0327353160548198,0.026111203391226,"IGF1/MMP3/ADCY8/IL13/IL6/AGER/PTGS2/CCDC39",8
"GO:0050708","regulation of protein secretion","16/472","281/18860",0.0569395017793594,2.27516738042101,3.45042243751991,0.00200771521201208,0.0327353160548198,0.026111203391226,"IGF1/ANKRD1/CD38/ADCY8/IL13/CAMP/FGA/CHRM3/NOS2/KCNN4/NMU/IL6/IL1A/PLA2G1B/SAA1/F2RL2",16
"GO:0001909","leukocyte mediated cytotoxicity","11/472","157/18860",0.0700636942675159,2.79957897009608,3.62767340093736,0.00203150110244888,0.0327353160548198,0.026111203391226,"EMP2/DAO/CTSG/PRF1/CXCL6/CD160/CD1A/SERPINB4/NOS2/AGER/SLAMF7",11
"GO:0035107","appendage morphogenesis","11/472","157/18860",0.0700636942675159,2.79957897009608,3.62767340093736,0.00203150110244888,0.0327353160548198,0.026111203391226,"ZBTB16/SALL4/CRABP2/FBN2/WNT7A/AFF3/GREM1/ERRFI1/SFRP2/COL3A1/MYCN",11
"GO:0035108","limb morphogenesis","11/472","157/18860",0.0700636942675159,2.79957897009608,3.62767340093736,0.00203150110244888,0.0327353160548198,0.026111203391226,"ZBTB16/SALL4/CRABP2/FBN2/WNT7A/AFF3/GREM1/ERRFI1/SFRP2/COL3A1/MYCN",11
"GO:0010810","regulation of cell-substrate adhesion","14/472","230/18860",0.0608695652173913,2.43220338983051,3.50126731762765,0.00204106963456951,0.0327353160548198,0.026111203391226,"EMP2/FUT1/FOXF1/MMP12/TEK/FGA/GREM1/VEGFA/FAM107A/SEMA3E/SERPINE1/SPRY4/ACVRL1/CDH13",14
"GO:0045055","regulated exocytosis","14/472","230/18860",0.0608695652173913,2.43220338983051,3.50126731762765,0.00204106963456951,0.0327353160548198,0.026111203391226,"FOXF1/ANXA3/RIMS2/IL13/WNT7A/CD177/NR4A3/CD160/SYT8/P2RY1/PPFIA2/SYT12/STEAP2/IL13RA2",14
"GO:0007218","neuropeptide signaling pathway","9/472","113/18860",0.079646017699115,3.18246587670616,3.72806843728542,0.0021408251432842,0.0342041757625483,0.0272828338870931,"NMUR1/PNOC/PMCH/GAL/SCG5/NMU/SSTR1/PROK2/ECEL1",9
"GO:0009953","dorsal/ventral pattern formation","8/472","92/18860",0.0869565217391304,3.47457627118644,3.81196445583673,0.00215151170948594,0.034244212988244,0.0273147694316166,"SOSTDC1/HHIP/EDN1/WNT7A/WNT3A/DLL4/GREM1/ACVRL1",8
"GO:0007616","long-term memory","5/472","37/18860",0.135135135135135,5.39967934035731,4.29181060059897,0.0021636801984198,0.0342734897454839,0.0273381219284017,"LCN2/ADCY8/GRIA1/LRRN4/ARC",5
"GO:0007494","midgut development","3/472","11/18860",0.272727272727273,10.8975346687211,5.26068501478031,0.00221234722209027,0.0342734897454839,0.0273381219284017,"HMGCS2/FOXF1/RET",3
"GO:0010616","negative regulation of cardiac muscle adaptation","3/472","11/18860",0.272727272727273,10.8975346687211,5.26068501478031,0.00221234722209027,0.0342734897454839,0.0273381219284017,"APLN/MLIP/ERRFI1",3
"GO:0048672","positive regulation of collateral sprouting","3/472","11/18860",0.272727272727273,10.8975346687211,5.26068501478031,0.00221234722209027,0.0342734897454839,0.0273381219284017,"CRABP2/BDNF/WNT3A",3
"GO:0071492","cellular response to UV-A","3/472","11/18860",0.272727272727273,10.8975346687211,5.26068501478031,0.00221234722209027,0.0342734897454839,0.0273381219284017,"MMP3/MMP1/MME",3
"GO:1903243","negative regulation of cardiac muscle hypertrophy in response to stress","3/472","11/18860",0.272727272727273,10.8975346687211,5.26068501478031,0.00221234722209027,0.0342734897454839,0.0273381219284017,"APLN/MLIP/ERRFI1",3
"GO:0003044","regulation of systemic arterial blood pressure mediated by a chemical signal","6/472","54/18860",0.111111111111111,4.43973634651601,4.05542992527483,0.00222435959219014,0.0342734897454839,0.0273381219284017,"CTSG/ADRB2/SLC2A5/EDN1/AGTR2/MME",6
"GO:0048260","positive regulation of receptor-mediated endocytosis","6/472","54/18860",0.111111111111111,4.43973634651601,4.05542992527483,0.00222435959219014,0.0342734897454839,0.0273381219284017,"APLN/CCL19/WNT3A/GREM1/VEGFA/SERPINE1",6
"GO:0070663","regulation of leukocyte proliferation","16/472","284/18860",0.0563380281690141,2.25113392217713,3.40368961987229,0.00223388527271866,0.0342734897454839,0.0273381219284017,"CCL19/IGF1/CLEC4G/CD38/IL13/PLA2G2A/HHLA2/GAL/WNT3A/GREM1/VTCN1/IL6/IL1A/MZB1/AGER/LRRC32",16
"GO:0030072","peptide hormone secretion","15/472","258/18860",0.0581395348837209,2.32311785573512,3.42840125464532,0.00224341523895427,0.0342734897454839,0.0273381219284017,"APLN/RIMS2/CD38/ADCY8/EDN1/CAMP/GAL/FGA/CHRM3/NOS2/NMU/IL6/TNFSF11/F2RL2/PTPRN2",15
"GO:0032944","regulation of mononuclear cell proliferation","15/472","258/18860",0.0581395348837209,2.32311785573512,3.42840125464532,0.00224341523895427,0.0342734897454839,0.0273381219284017,"CCL19/IGF1/CLEC4G/CD38/IL13/PLA2G2A/HHLA2/GAL/WNT3A/VTCN1/IL6/IL1A/MZB1/AGER/LRRC32",15
"GO:0042886","amide transport","18/472","338/18860",0.0532544378698225,2.12792097081536,3.35240255958268,0.00226700132590242,0.0345078820008274,0.0275250840411961,"APLN/RIMS2/CD38/ADCY8/EDN1/CAMP/ABCA13/GAL/FGA/CHRM3/NOS2/MMP7/SLC14A1/NMU/IL6/TNFSF11/F2RL2/PTPRN2",18
"GO:0072577","endothelial cell apoptotic process","7/472","73/18860",0.0958904109589041,3.83155328534943,3.88347517408445,0.00230888167675427,0.0350180387641065,0.027932008690559,"FUT1/IL13/CD160/TEK/FGA/RAMP2/SERPINE1",7
"GO:0072006","nephron development","11/472","160/18860",0.06875,2.74708686440678,3.5556316924612,0.00235707967939693,0.0356199838915362,0.0284121479880184,"WT1/RET/EGR1/EDN1/TEK/ADAMTS16/GREM1/AGTR2/VEGFA/SIX1/SIX4",11
"GO:0035909","aorta morphogenesis","5/472","38/18860",0.131578947368421,5.25758251561106,4.20905954326654,0.00244107265678682,0.036756583242121,0.0293187522428163,"DLL4/SIX1/COL3A1/ACVRL1/HEY1",5
"GO:0031589","cell-substrate adhesion","19/472","369/18860",0.0514905149051491,2.05743879472693,3.28663370975823,0.00252994527236473,0.037958246989673,0.0302772548724427,"EMP2/FUT1/FOXF1/MMP12/TEK/FGA/PPFIA2/GREM1/COL17A1/VEGFA/FAT2/FAM107A/SEMA3E/SERPINE1/MUC4/SPRY4/COL3A1/ACVRL1/CDH13",19
"GO:0060291","long-term synaptic potentiation","9/472","116/18860",0.0775862068965517,3.10016072472238,3.63507579941897,0.0025606415959741,0.0382815918598128,0.0305351697083829,"ADCY8/SLC1A1/GRIA1/ARC/SYT12/FAM107A/AGER/MME/GRIN2A",9
"GO:0014033","neural crest cell differentiation","8/472","95/18860",0.0842105263157895,3.36485280999108,3.70215600433483,0.00263341273364145,0.0390415870286572,0.0311413770349538,"WNT10A/RET/EDN1/CDH2/SEMA3G/SIX1/SEMA3E/SEMA6A",8
"GO:0071347","cellular response to interleukin-1","8/472","95/18860",0.0842105263157895,3.36485280999108,3.70215600433483,0.00263341273364145,0.0390415870286572,0.0311413770349538,"KLF2/ANKRD1/NLRP7/LCN2/EGR1/EDN1/CAMP/IL6",8
"GO:0031623","receptor internalization","10/472","139/18860",0.0719424460431655,2.87464943299598,3.55407039330845,0.00263945750814859,0.0390415870286572,0.0311413770349538,"RAMP3/APLN/SH3GL2/GRIA1/ARC/WNT3A/GREM1/CXCR1/VEGFA/RAMP2",10
"GO:0007187","G protein-coupled receptor signaling pathway, coupled to cyclic nucleotide second messenger","6/472","56/18860",0.107142857142857,4.28117433414044,3.93968301450459,0.00268165789596897,0.0395261265934018,0.0315278682209547,"CHRM2/CHRM3/AGTR2/VIPR1/SSTR1/HTR2A",6
"GO:0018958","phenol-containing compound metabolic process","9/472","117/18860",0.0769230769230769,3.07366362451108,3.60474684015904,0.00271422070298283,0.0396430703091658,0.0316211479419303,"PNMT/NR4A2/DAO/SLC1A1/DIO2/CDH3/KL/CRYM/GRIN2A",9
"GO:0016525","negative regulation of angiogenesis","11/472","163/18860",0.0674846625766871,2.69652698346678,3.48523199087145,0.00272369494777559,0.0396430703091658,0.0316211479419303,"SERPINF1/KLF2/KLF4/CD160/TEK/SEMA3E/SERPINE1/SEMA6A/THBS4/PF4/ISM1",11
"GO:0001569","branching involved in blood vessel morphogenesis","5/472","39/18860",0.128205128205128,5.12277270751847,4.1291763437363,0.00274340732426981,0.0396430703091658,0.0316211479419303,"EDN1/DLL4/VEGFA/SFRP2/SEMA3E",5
"GO:0035633","maintenance of blood-brain barrier","5/472","39/18860",0.128205128205128,5.12277270751847,4.1291763437363,0.00274340732426981,0.0396430703091658,0.0316211479419303,"SH3GL2/SLC1A1/CLDN1/VEGFA/IL6",5
"GO:0001666","response to hypoxia","17/472","317/18860",0.0536277602523659,2.14283804737208,3.28766383596257,0.00276156341085395,0.0396430703091658,0.0316211479419303,"FOS/NR4A2/HIF3A/SLC6A4/ANKRD1/CD38/LCN2/EGR1/EDN1/STC1/SOX2/STC2/NOS2/VEGFA/AGER/PTGS2/PDK1",17
"GO:0009713","catechol-containing compound biosynthetic process","4/472","24/18860",0.166666666666667,6.65960451977401,4.44488415616274,0.00276535511951181,0.0396430703091658,0.0316211479419303,"PNMT/NR4A2/DAO/KL",4
"GO:0042423","catecholamine biosynthetic process","4/472","24/18860",0.166666666666667,6.65960451977401,4.44488415616274,0.00276535511951181,0.0396430703091658,0.0316211479419303,"PNMT/NR4A2/DAO/KL",4
"GO:0098801","regulation of renal system process","4/472","24/18860",0.166666666666667,6.65960451977401,4.44488415616274,0.00276535511951181,0.0396430703091658,0.0316211479419303,"EMP2/TTR/EDN1/STC1",4
"GO:0007389","pattern specification process","23/472","486/18860",0.0473251028806584,1.89099881425682,3.18828023394485,0.0027771896011811,0.0396768452919593,0.031648088431638,"ZBTB16/MEOX1/WT1/FOXF1/LEFTY2/NDRG4/SOSTDC1/HHIP/EDN1/WNT7A/STC1/ARC/WNT3A/DLL4/GREM1/DNAAF1/SIX1/SFRP2/ENKUR/DNAH5/ACVRL1/CCDC39/HEY1",23
"GO:0048588","developmental cell growth","14/472","238/18860",0.0588235294117647,2.35044865403789,3.35905005662919,0.00279076761445692,0.0397352150820295,0.0316946468781144,"CRABP2/BDNF/IGF1/RIMS2/SH3GL2/EDN1/COL14A1/CPNE5/DCLK1/WNT3A/SEMA3G/VEGFA/SPP1/SPAG6",14
"GO:0008306","associative learning","8/472","96/18860",0.0833333333333333,3.32980225988701,3.66652836055628,0.00281151175155237,0.0398948752271127,0.0318219992004429,"FOS/NDRG4/SLC6A4/SLC1A1/GRIA1/LRRN4/NPTX2/GRIN2A",8
"GO:0001649","osteoblast differentiation","15/472","265/18860",0.0566037735849057,2.26175247841382,3.31407318021896,0.00289501218890654,0.0406705011158555,0.0324406743127451,"CTHRC1/IGF1/TNC/FBN2/NELL1/CYP24A1/WNT3A/SOX2/GREM1/PTPRB/VEGFA/IL6/SPP1/SFRP2/JUNB",15
"GO:0070327","thyroid hormone transport","3/472","12/18860",0.25,9.98940677966102,4.9905924085792,0.00289531995521379,0.0406705011158555,0.0324406743127451,"SLCO4A1/CRYM/TUBB1",3
"GO:0097084","vascular associated smooth muscle cell development","3/472","12/18860",0.25,9.98940677966102,4.9905924085792,0.00289531995521379,0.0406705011158555,0.0324406743127451,"VEGFA/RAMP2/COMP",3
"GO:0072078","nephron tubule morphogenesis","7/472","76/18860",0.0921052631578947,3.68030776092774,3.75111606678336,0.00290623418339698,0.0406872785675577,0.032454056784845,"WT1/ADAMTS16/GREM1/AGTR2/VEGFA/SIX1/SIX4",7
"GO:0015833","peptide transport","16/472","292/18860",0.0547945205479452,2.18945902019967,3.28187040937557,0.00294294446746336,0.0410638851360054,0.0327544556168202,"APLN/RIMS2/CD38/ADCY8/EDN1/CAMP/GAL/FGA/CHRM3/NOS2/MMP7/NMU/IL6/TNFSF11/F2RL2/PTPRN2",16
"GO:2000181","negative regulation of blood vessel morphogenesis","11/472","165/18860",0.0666666666666667,2.6638418079096,3.43917560979068,0.00299270019813492,0.0416194120577833,0.0331975696047699,"SERPINF1/KLF2/KLF4/CD160/TEK/SEMA3E/SERPINE1/SEMA6A/THBS4/PF4/ISM1",11
"GO:0072210","metanephric nephron development","5/472","40/18860",0.125,4.99470338983051,4.05198478800855,0.00307193544102743,0.0425798733647047,0.0339636780025759,"WT1/RET/EGR1/GREM1/AGTR2",5
"GO:0009314","response to radiation","22/472","462/18860",0.0476190476190476,1.90274414850686,3.14748337328986,0.00315715566129755,0.0436166785418862,0.0347906818052313,"FOS/DUSP1/TTR/SIK1/NDRG4/MMP3/MMP1/LCN2/EGR1/LRRN4/IVL/CCL11/RGS9/NMU/CCL7/SFRP2/PER1/MME/GRIN2A/COL3A1/RGS9BP/PBK",22
"GO:0001657","ureteric bud development","8/472","98/18860",0.0816326530612245,3.26184711172605,3.59666343513949,0.00319580301629084,0.0438276197439172,0.0349589382723628,"WT1/RET/ADAMTS16/GREM1/AGTR2/VEGFA/SIX1/SIX4",8
"GO:0048661","positive regulation of smooth muscle cell proliferation","8/472","98/18860",0.0816326530612245,3.26184711172605,3.59666343513949,0.00319580301629084,0.0438276197439172,0.0349589382723628,"IGF1/EDN1/IL13/NR4A3/IL6/HBEGF/HPGD/CDH13",8
"GO:0051216","cartilage development","13/472","216/18860",0.0601851851851852,2.40485718769617,3.3269983714236,0.00320383460144258,0.0438276197439172,0.0349589382723628,"MATN3/ZBTB16/CHRDL2/EDN1/WNT7A/STC1/GREM1/ERRFI1/SFRP2/COMP/COL3A1/MYCN/ACVRL1",13
"GO:0090023","positive regulation of neutrophil chemotaxis","4/472","25/18860",0.16,6.39322033898305,4.32313141803912,0.00322781682609032,0.0440118606971142,0.0351058973850797,"CCL19/EDN1/DAPK2/THBS4",4
"GO:0019722","calcium-mediated signaling","14/472","242/18860",0.0578512396694215,2.31159826306205,3.29006959656324,0.00324291032008082,0.0440740993501894,0.0351555418157771,"PCP4/RAMP3/IGF1/TMEM100/NMUR1/EDN1/GRIA1/CHP2/CHRM3/CXCR1/TNFSF11/CXCR5/GRIN2A/CDH13",14
"GO:0008277","regulation of G protein-coupled receptor signaling pathway","11/472","167/18860",0.0658682634730539,2.63193951080889,3.39379708143914,0.0032826855585058,0.0443268443480816,0.0353571429255701,"RAMP3/APLN/ADRB2/EDN1/RGS16/MRAP/RGS9/RAMP2/SERPINE1/KCTD16/GPR158",11
"GO:2001236","regulation of extrinsic apoptotic signaling pathway","11/472","167/18860",0.0658682634730539,2.63193951080889,3.39379708143914,0.0032826855585058,0.0443268443480816,0.0353571429255701,"IGF1/RET/KLF4/ATF3/FGA/AGTR2/IL1A/SFRP2/TNFSF11/SERPINE1/PF4",11
"GO:0019731","antibacterial humoral response","7/472","78/18860",0.0897435897435897,3.58594089526293,3.66655378107493,0.00336575664878562,0.0447938297954633,0.0357296321349887,"CTSG/WFDC2/CAMP/DEFA3/FGA/MMP7/PLA2G1B",7
"GO:0072088","nephron epithelium morphogenesis","7/472","78/18860",0.0897435897435897,3.58594089526293,3.66655378107493,0.00336575664878562,0.0447938297954633,0.0357296321349887,"WT1/ADAMTS16/GREM1/AGTR2/VEGFA/SIX1/SIX4",7
"GO:0043502","regulation of muscle adaptation","8/472","99/18860",0.0808080808080808,3.22889916110255,3.56240349636594,0.00340264176171355,0.0447938297954633,0.0357296321349887,"APLN/IGF1/MLIP/TNNC1/EDN1/NR4A3/KLF4/ERRFI1",8
"GO:0050848","regulation of calcium-mediated signaling","8/472","99/18860",0.0808080808080808,3.22889916110255,3.56240349636594,0.00340264176171355,0.0447938297954633,0.0357296321349887,"PCP4/RAMP3/IGF1/TMEM100/NMUR1/EDN1/CHP2/CDH13",8
"GO:0072163","mesonephric epithelium development","8/472","99/18860",0.0808080808080808,3.22889916110255,3.56240349636594,0.00340264176171355,0.0447938297954633,0.0357296321349887,"WT1/RET/ADAMTS16/GREM1/AGTR2/VEGFA/SIX1/SIX4",8
"GO:0072164","mesonephric tubule development","8/472","99/18860",0.0808080808080808,3.22889916110255,3.56240349636594,0.00340264176171355,0.0447938297954633,0.0357296321349887,"WT1/RET/ADAMTS16/GREM1/AGTR2/VEGFA/SIX1/SIX4",8
"GO:0006720","isoprenoid metabolic process","9/472","121/18860",0.0743801652892562,2.97205490965121,3.48659549605823,0.00340287574652588,0.0447938297954633,0.0357296321349887,"HMGCS2/CRABP2/TTR/HSD17B6/ADH4/CYP3A7/RBP2/CYP3A5/AKR1B10",9
"GO:0090277","positive regulation of peptide hormone secretion","9/472","121/18860",0.0743801652892562,2.97205490965121,3.48659549605823,0.00340287574652588,0.0447938297954633,0.0357296321349887,"APLN/CD38/ADCY8/CAMP/FGA/CHRM3/NMU/TNFSF11/F2RL2",9
"GO:0006584","catecholamine metabolic process","6/472","59/18860",0.101694915254237,4.06348750359092,3.77584994042287,0.00349514556837569,0.0457208729663146,0.0364690846805517,"PNMT/NR4A2/DAO/SLC1A1/KL/GRIN2A",6
"GO:0009712","catechol-containing compound metabolic process","6/472","59/18860",0.101694915254237,4.06348750359092,3.77584994042287,0.00349514556837569,0.0457208729663146,0.0364690846805517,"PNMT/NR4A2/DAO/SLC1A1/KL/GRIN2A",6
"GO:0045669","positive regulation of osteoblast differentiation","7/472","79/18860",0.0886075949367089,3.54054923836087,3.62530781907711,0.0036153043268868,0.0471453704434521,0.0376053298077879,"CTHRC1/IGF1/FBN2/NELL1/VEGFA/IL6/SFRP2",7
"GO:0051451","myoblast migration","3/472","13/18860",0.230769230769231,9.22099087353325,4.75048344535515,0.00369449371553279,0.0475891401806304,0.0379593010921014,"SIX1/THBS4/SIX4",3
"GO:0061430","bone trabecula morphogenesis","3/472","13/18860",0.230769230769231,9.22099087353325,4.75048344535515,0.00369449371553279,0.0475891401806304,0.0379593010921014,"FBN2/GREM1/VEGFA",3
"GO:1901731","positive regulation of platelet aggregation","3/472","13/18860",0.230769230769231,9.22099087353325,4.75048344535515,0.00369449371553279,0.0475891401806304,0.0379593010921014,"CTSG/IL6/HTR2A",3
"GO:0043491","phosphatidylinositol 3-kinase/protein kinase B signal transduction","18/472","354/18860",0.0508474576271186,2.03174375179546,3.13964309501425,0.00370184318447439,0.0475891401806304,0.0379593010921014,"RAMP3/CD19/CEP55/CCL19/IGF1/TMEM100/MMP3/RET/EDN1/KLF4/CD160/TEK/ERRFI1/CSF3/VEGFA/TNFSF11/SEMA3E/HBEGF",18
"GO:0003085","negative regulation of systemic arterial blood pressure","4/472","26/18860",0.153846153846154,6.14732724902217,4.20785003086679,0.00374028359279202,0.0475891401806304,0.0379593010921014,"APLN/ADRB2/KL/AGTR2",4
"GO:0006706","steroid catabolic process","4/472","26/18860",0.153846153846154,6.14732724902217,4.20785003086679,0.00374028359279202,0.0475891401806304,0.0379593010921014,"HSD17B6/SRD5A2/CYP24A1/SPP1",4
"GO:0007263","nitric oxide mediated signal transduction","4/472","26/18860",0.153846153846154,6.14732724902217,4.20785003086679,0.00374028359279202,0.0475891401806304,0.0379593010921014,"SPINK1/NOS2/AGTR2/VEGFA",4
"GO:0035994","response to muscle stretch","4/472","26/18860",0.153846153846154,6.14732724902217,4.20785003086679,0.00374028359279202,0.0475891401806304,0.0379593010921014,"FOS/ANKRD1/EDN1/CDH2",4
"GO:0070555","response to interleukin-1","9/472","123/18860",0.0731707317073171,2.92372881355932,3.42933142546349,0.00379513981670361,0.0480706263709898,0.0383433567653531,"KLF2/ANKRD1/NLRP7/CD38/LCN2/EGR1/EDN1/CAMP/IL6",9
"GO:0016486","peptide hormone processing","5/472","42/18860",0.119047619047619,4.75686037126715,3.90504505849139,0.00381257715125863,0.0480706263709898,0.0383433567653531,"CTSG/SCG5/PCSK2/PCSK1/MME",5
"GO:0051702","biological process involved in interaction with symbiont","5/472","42/18860",0.119047619047619,4.75686037126715,3.90504505849139,0.00381257715125863,0.0480706263709898,0.0383433567653531,"DAO/CTSG/CXCL6/CAMP/PF4",5
"GO:0072028","nephron morphogenesis","7/472","80/18860",0.0875,3.49629237288136,3.58472406495448,0.00387867637842533,0.0487571751354007,0.0388909798399404,"WT1/ADAMTS16/GREM1/AGTR2/VEGFA/SIX1/SIX4",7
"GO:0048736","appendage development","12/472","196/18860",0.0612244897959184,2.44638533379453,3.26116493690472,0.00396055962425573,0.0494892614541327,0.0394749257757711,"ZBTB16/SALL4/CRABP2/FBN2/WNT7A/AFF3/GREM1/ERRFI1/SFRP2/COMP/COL3A1/MYCN",12
"GO:0060173","limb development","12/472","196/18860",0.0612244897959184,2.44638533379453,3.26116493690472,0.00396055962425573,0.0494892614541327,0.0394749257757711,"ZBTB16/SALL4/CRABP2/FBN2/WNT7A/AFF3/GREM1/ERRFI1/SFRP2/COMP/COL3A1/MYCN",12
"GO:0002793","positive regulation of peptide secretion","9/472","124/18860",0.0725806451612903,2.90015035538546,3.40113172974106,0.00400411007683803,0.0498845380406072,0.0397902166783529,"APLN/CD38/ADCY8/CAMP/FGA/CHRM3/NMU/TNFSF11/F2RL2",9
